

================================================================
== Vitis HLS Report for 'HW_dwt53_inverse_core'
================================================================
* Date:           Thu Sep 25 08:43:59 2025

* Version:        2024.2 (Build 5238294 on Nov  8 2024)
* Project:        HW_dwt53_inverse
* Solution:       hls (Vivado IP Flow Target)
* Product family: kintexuplus
* Target device:  xcku5p-ffvb676-2-e


================================================================
== Performance Estimates
================================================================
+ Timing: 
    * Summary: 
    +--------+----------+----------+------------+
    |  Clock |  Target  | Estimated| Uncertainty|
    +--------+----------+----------+------------+
    |ap_clk  |  10.00 ns|  5.627 ns|     2.70 ns|
    +--------+----------+----------+------------+

+ Latency: 
    * Summary: 
    +---------+---------+----------+----------+-----+-----+---------+
    |  Latency (cycles) |  Latency (absolute) |  Interval | Pipeline|
    |   min   |   max   |    min   |    max   | min | max |   Type  |
    +---------+---------+----------+----------+-----+-----+---------+
    |        0|        0|      0 ns|      0 ns|    0|    0|       no|
    +---------+---------+----------+----------+-----+-----+---------+

    + Detail: 
        * Instance: 
        N/A

        * Loop: 
        N/A



================================================================
== Utilization Estimates
================================================================
* Summary: 
+-----------------+---------+------+--------+--------+-----+
|       Name      | BRAM_18K|  DSP |   FF   |   LUT  | URAM|
+-----------------+---------+------+--------+--------+-----+
|DSP              |        -|     -|       -|       -|    -|
|Expression       |        -|     -|       0|    2272|    -|
|FIFO             |        -|     -|       -|       -|    -|
|Instance         |        -|     -|       -|       -|    -|
|Memory           |        -|     -|       -|       -|    -|
|Multiplexer      |        -|     -|       -|       -|    -|
|Register         |        -|     -|       -|       -|    -|
+-----------------+---------+------+--------+--------+-----+
|Total            |        0|     0|       0|    2272|    0|
+-----------------+---------+------+--------+--------+-----+
|Available        |      960|  1824|  433920|  216960|   64|
+-----------------+---------+------+--------+--------+-----+
|Utilization (%)  |        0|     0|       0|       1|    0|
+-----------------+---------+------+--------+--------+-----+

+ Detail: 
    * Instance: 
    N/A

    * DSP: 
    N/A

    * Memory: 
    N/A

    * FIFO: 
    N/A

    * Expression: 
    +--------------------------+----------+----+---+----+------------+------------+
    |       Variable Name      | Operation| DSP| FF| LUT| Bitwidth P0| Bitwidth P1|
    +--------------------------+----------+----+---+----+------------+------------+
    |add_ln210_1_fu_296_p2     |         +|   0|  0|  25|          18|          18|
    |add_ln210_fu_286_p2       |         +|   0|  0|  24|          17|           2|
    |add_ln211_fu_326_p2       |         +|   0|  0|  25|          18|          18|
    |add_ln212_1_fu_366_p2     |         +|   0|  0|  25|          18|          18|
    |add_ln212_fu_356_p2       |         +|   0|  0|  24|          17|           2|
    |add_ln213_1_fu_406_p2     |         +|   0|  0|  25|          18|          18|
    |add_ln213_fu_396_p2       |         +|   0|  0|  24|          17|           2|
    |add_ln214_1_fu_446_p2     |         +|   0|  0|  25|          18|          18|
    |add_ln214_fu_436_p2       |         +|   0|  0|  24|          17|           2|
    |add_ln215_1_fu_486_p2     |         +|   0|  0|  25|          18|          18|
    |add_ln215_fu_476_p2       |         +|   0|  0|  24|          17|           2|
    |add_ln216_1_fu_526_p2     |         +|   0|  0|  25|          18|          18|
    |add_ln216_fu_516_p2       |         +|   0|  0|  24|          17|           2|
    |add_ln217_1_fu_566_p2     |         +|   0|  0|  25|          18|          18|
    |add_ln217_fu_556_p2       |         +|   0|  0|  24|          17|           2|
    |add_ln228_1_fu_1000_p2    |         +|   0|  0|  39|          32|          32|
    |add_ln228_fu_980_p2       |         +|   0|  0|  25|          18|          18|
    |add_ln229_1_fu_1074_p2    |         +|   0|  0|  39|          32|          32|
    |add_ln229_fu_1054_p2      |         +|   0|  0|  25|          18|          18|
    |add_ln230_1_fu_1148_p2    |         +|   0|  0|  39|          32|          32|
    |add_ln230_fu_1128_p2      |         +|   0|  0|  25|          18|          18|
    |add_ln231_1_fu_1222_p2    |         +|   0|  0|  39|          32|          32|
    |add_ln231_fu_1202_p2      |         +|   0|  0|  25|          18|          18|
    |add_ln232_1_fu_1296_p2    |         +|   0|  0|  39|          32|          32|
    |add_ln232_fu_1276_p2      |         +|   0|  0|  25|          18|          18|
    |add_ln233_1_fu_1370_p2    |         +|   0|  0|  39|          32|          32|
    |add_ln233_fu_1350_p2      |         +|   0|  0|  25|          18|          18|
    |add_ln234_1_fu_1444_p2    |         +|   0|  0|  39|          32|          32|
    |add_ln234_fu_1424_p2      |         +|   0|  0|  25|          18|          18|
    |add_ln235_1_fu_1518_p2    |         +|   0|  0|  39|          32|          32|
    |add_ln235_fu_1498_p2      |         +|   0|  0|  25|          18|          18|
    |s_1_fu_346_p2             |         -|   0|  0|  24|          17|          17|
    |s_2_fu_386_p2             |         -|   0|  0|  24|          17|          17|
    |s_3_fu_426_p2             |         -|   0|  0|  24|          17|          17|
    |s_4_fu_466_p2             |         -|   0|  0|  24|          17|          17|
    |s_5_fu_506_p2             |         -|   0|  0|  24|          17|          17|
    |s_6_fu_546_p2             |         -|   0|  0|  24|          17|          17|
    |s_7_fu_586_p2             |         -|   0|  0|  24|          17|          17|
    |s_fu_316_p2               |         -|   0|  0|  24|          17|          17|
    |icmp_ln10_10_fu_1170_p2   |      icmp|   0|  0|  39|          32|           9|
    |icmp_ln10_11_fu_1244_p2   |      icmp|   0|  0|  39|          32|           9|
    |icmp_ln10_12_fu_1318_p2   |      icmp|   0|  0|  39|          32|           9|
    |icmp_ln10_13_fu_1392_p2   |      icmp|   0|  0|  39|          32|           9|
    |icmp_ln10_14_fu_1466_p2   |      icmp|   0|  0|  39|          32|           9|
    |icmp_ln10_15_fu_1540_p2   |      icmp|   0|  0|  39|          32|           9|
    |icmp_ln10_1_fu_660_p2     |      icmp|   0|  0|  24|          17|           9|
    |icmp_ln10_2_fu_708_p2     |      icmp|   0|  0|  24|          17|           9|
    |icmp_ln10_3_fu_756_p2     |      icmp|   0|  0|  24|          17|           9|
    |icmp_ln10_4_fu_804_p2     |      icmp|   0|  0|  24|          17|           9|
    |icmp_ln10_5_fu_852_p2     |      icmp|   0|  0|  24|          17|           9|
    |icmp_ln10_6_fu_900_p2     |      icmp|   0|  0|  24|          17|           9|
    |icmp_ln10_7_fu_948_p2     |      icmp|   0|  0|  24|          17|           9|
    |icmp_ln10_8_fu_1022_p2    |      icmp|   0|  0|  39|          32|           9|
    |icmp_ln10_9_fu_1096_p2    |      icmp|   0|  0|  39|          32|           9|
    |icmp_ln10_fu_612_p2       |      icmp|   0|  0|  24|          17|           9|
    |icmp_ln9_10_fu_1164_p2    |      icmp|   0|  0|  32|          25|           1|
    |icmp_ln9_11_fu_1238_p2    |      icmp|   0|  0|  32|          25|           1|
    |icmp_ln9_12_fu_1312_p2    |      icmp|   0|  0|  32|          25|           1|
    |icmp_ln9_13_fu_1386_p2    |      icmp|   0|  0|  32|          25|           1|
    |icmp_ln9_14_fu_1460_p2    |      icmp|   0|  0|  32|          25|           1|
    |icmp_ln9_15_fu_1534_p2    |      icmp|   0|  0|  32|          25|           1|
    |icmp_ln9_1_fu_654_p2      |      icmp|   0|  0|  17|          10|           1|
    |icmp_ln9_2_fu_702_p2      |      icmp|   0|  0|  17|          10|           1|
    |icmp_ln9_3_fu_750_p2      |      icmp|   0|  0|  17|          10|           1|
    |icmp_ln9_4_fu_798_p2      |      icmp|   0|  0|  17|          10|           1|
    |icmp_ln9_5_fu_846_p2      |      icmp|   0|  0|  17|          10|           1|
    |icmp_ln9_6_fu_894_p2      |      icmp|   0|  0|  17|          10|           1|
    |icmp_ln9_7_fu_942_p2      |      icmp|   0|  0|  17|          10|           1|
    |icmp_ln9_8_fu_1016_p2     |      icmp|   0|  0|  32|          25|           1|
    |icmp_ln9_9_fu_1090_p2     |      icmp|   0|  0|  32|          25|           1|
    |icmp_ln9_fu_606_p2        |      icmp|   0|  0|  17|          10|           1|
    |or_ln9_10_fu_1188_p2      |        or|   0|  0|   2|           1|           1|
    |or_ln9_11_fu_1262_p2      |        or|   0|  0|   2|           1|           1|
    |or_ln9_12_fu_1336_p2      |        or|   0|  0|   2|           1|           1|
    |or_ln9_13_fu_1410_p2      |        or|   0|  0|   2|           1|           1|
    |or_ln9_14_fu_1484_p2      |        or|   0|  0|   2|           1|           1|
    |or_ln9_15_fu_1558_p2      |        or|   0|  0|   2|           1|           1|
    |or_ln9_1_fu_678_p2        |        or|   0|  0|   2|           1|           1|
    |or_ln9_2_fu_726_p2        |        or|   0|  0|   2|           1|           1|
    |or_ln9_3_fu_774_p2        |        or|   0|  0|   2|           1|           1|
    |or_ln9_4_fu_822_p2        |        or|   0|  0|   2|           1|           1|
    |or_ln9_5_fu_870_p2        |        or|   0|  0|   2|           1|           1|
    |or_ln9_6_fu_918_p2        |        or|   0|  0|   2|           1|           1|
    |or_ln9_7_fu_966_p2        |        or|   0|  0|   2|           1|           1|
    |or_ln9_8_fu_1040_p2       |        or|   0|  0|   2|           1|           1|
    |or_ln9_9_fu_1114_p2       |        or|   0|  0|   2|           1|           1|
    |or_ln9_fu_630_p2          |        or|   0|  0|   2|           1|           1|
    |select_ln9_10_fu_862_p3   |    select|   0|  0|   9|           1|           7|
    |select_ln9_11_fu_876_p3   |    select|   0|  0|   8|           1|           8|
    |select_ln9_12_fu_910_p3   |    select|   0|  0|   9|           1|           7|
    |select_ln9_13_fu_924_p3   |    select|   0|  0|   8|           1|           8|
    |select_ln9_14_fu_958_p3   |    select|   0|  0|   9|           1|           7|
    |select_ln9_15_fu_972_p3   |    select|   0|  0|   8|           1|           8|
    |select_ln9_16_fu_1032_p3  |    select|   0|  0|   9|           1|           7|
    |select_ln9_17_fu_1046_p3  |    select|   0|  0|   8|           1|           8|
    |select_ln9_18_fu_1106_p3  |    select|   0|  0|   9|           1|           7|
    |select_ln9_19_fu_1120_p3  |    select|   0|  0|   8|           1|           8|
    |select_ln9_1_fu_636_p3    |    select|   0|  0|   8|           1|           8|
    |select_ln9_20_fu_1180_p3  |    select|   0|  0|   9|           1|           7|
    |select_ln9_21_fu_1194_p3  |    select|   0|  0|   8|           1|           8|
    |select_ln9_22_fu_1254_p3  |    select|   0|  0|   9|           1|           7|
    |select_ln9_23_fu_1268_p3  |    select|   0|  0|   8|           1|           8|
    |select_ln9_24_fu_1328_p3  |    select|   0|  0|   9|           1|           7|
    |select_ln9_25_fu_1342_p3  |    select|   0|  0|   8|           1|           8|
    |select_ln9_26_fu_1402_p3  |    select|   0|  0|   9|           1|           7|
    |select_ln9_27_fu_1416_p3  |    select|   0|  0|   8|           1|           8|
    |select_ln9_28_fu_1476_p3  |    select|   0|  0|   9|           1|           7|
    |select_ln9_29_fu_1490_p3  |    select|   0|  0|   8|           1|           8|
    |select_ln9_2_fu_670_p3    |    select|   0|  0|   9|           1|           7|
    |select_ln9_30_fu_1550_p3  |    select|   0|  0|   9|           1|           7|
    |select_ln9_31_fu_1564_p3  |    select|   0|  0|   8|           1|           8|
    |select_ln9_3_fu_684_p3    |    select|   0|  0|   8|           1|           8|
    |select_ln9_4_fu_718_p3    |    select|   0|  0|   9|           1|           7|
    |select_ln9_5_fu_732_p3    |    select|   0|  0|   8|           1|           8|
    |select_ln9_6_fu_766_p3    |    select|   0|  0|   9|           1|           7|
    |select_ln9_7_fu_780_p3    |    select|   0|  0|   8|           1|           8|
    |select_ln9_8_fu_814_p3    |    select|   0|  0|   9|           1|           7|
    |select_ln9_9_fu_828_p3    |    select|   0|  0|   8|           1|           8|
    |select_ln9_fu_622_p3      |    select|   0|  0|   9|           1|           7|
    +--------------------------+----------+----+---+----+------------+------------+
    |Total                     |          |   0|  0|2272|        1519|        1110|
    +--------------------------+----------+----+---+----+------------+------------+

    * Multiplexer: 
    N/A

    * Register: 
    N/A



================================================================
== Interface
================================================================
* Summary: 
+--------------+-----+-----+------------+-----------------------+--------------+
|   RTL Ports  | Dir | Bits|  Protocol  |     Source Object     |    C Type    |
+--------------+-----+-----+------------+-----------------------+--------------+
|ap_ready      |  out|    1|  ap_ctrl_hs|  HW_dwt53_inverse_core|  return value|
|ap_return_0   |  out|    8|  ap_ctrl_hs|  HW_dwt53_inverse_core|  return value|
|ap_return_1   |  out|    8|  ap_ctrl_hs|  HW_dwt53_inverse_core|  return value|
|ap_return_2   |  out|    8|  ap_ctrl_hs|  HW_dwt53_inverse_core|  return value|
|ap_return_3   |  out|    8|  ap_ctrl_hs|  HW_dwt53_inverse_core|  return value|
|ap_return_4   |  out|    8|  ap_ctrl_hs|  HW_dwt53_inverse_core|  return value|
|ap_return_5   |  out|    8|  ap_ctrl_hs|  HW_dwt53_inverse_core|  return value|
|ap_return_6   |  out|    8|  ap_ctrl_hs|  HW_dwt53_inverse_core|  return value|
|ap_return_7   |  out|    8|  ap_ctrl_hs|  HW_dwt53_inverse_core|  return value|
|ap_return_8   |  out|    8|  ap_ctrl_hs|  HW_dwt53_inverse_core|  return value|
|ap_return_9   |  out|    8|  ap_ctrl_hs|  HW_dwt53_inverse_core|  return value|
|ap_return_10  |  out|    8|  ap_ctrl_hs|  HW_dwt53_inverse_core|  return value|
|ap_return_11  |  out|    8|  ap_ctrl_hs|  HW_dwt53_inverse_core|  return value|
|ap_return_12  |  out|    8|  ap_ctrl_hs|  HW_dwt53_inverse_core|  return value|
|ap_return_13  |  out|    8|  ap_ctrl_hs|  HW_dwt53_inverse_core|  return value|
|ap_return_14  |  out|    8|  ap_ctrl_hs|  HW_dwt53_inverse_core|  return value|
|ap_return_15  |  out|    8|  ap_ctrl_hs|  HW_dwt53_inverse_core|  return value|
|ap_rst        |   in|    1|  ap_ctrl_hs|  HW_dwt53_inverse_core|  return value|
|low_read      |   in|   16|     ap_none|               low_read|        scalar|
|low_read_23   |   in|   16|     ap_none|            low_read_23|        scalar|
|low_read_24   |   in|   16|     ap_none|            low_read_24|        scalar|
|low_read_25   |   in|   16|     ap_none|            low_read_25|        scalar|
|low_read_26   |   in|   16|     ap_none|            low_read_26|        scalar|
|low_read_27   |   in|   16|     ap_none|            low_read_27|        scalar|
|low_read_28   |   in|   16|     ap_none|            low_read_28|        scalar|
|low_read_29   |   in|   16|     ap_none|            low_read_29|        scalar|
|high_read     |   in|   16|     ap_none|              high_read|        scalar|
|high_read_23  |   in|   16|     ap_none|           high_read_23|        scalar|
|high_read_24  |   in|   16|     ap_none|           high_read_24|        scalar|
|high_read_25  |   in|   16|     ap_none|           high_read_25|        scalar|
|high_read_26  |   in|   16|     ap_none|           high_read_26|        scalar|
|high_read_27  |   in|   16|     ap_none|           high_read_27|        scalar|
|high_read_28  |   in|   16|     ap_none|           high_read_28|        scalar|
|high_read_29  |   in|   16|     ap_none|           high_read_29|        scalar|
+--------------+-----+-----+------------+-----------------------+--------------+

============================================================
+ Verbose Summary: Synthesis Manager
============================================================
InlineROM: 1
ExposeGlobal: 0
============================================================
+ Verbose Summary: CDFG Model
============================================================
IsTopModel: 0
ResetActiveHigh: 1
IsCombinational: 1
IsDatapathOnly: 2
HasWiredReturn: 1
HasMFsm: 0
HasVarLatency: 0
IsPipeline: 0
IsRtlPipelined: 0
IsInstanceOverlapped: 0
IsDontTouch: 0
HasImplIP: 0
IsGatedGlobalClock: 0


============================================================
+ Verbose Summary: Schedule
============================================================
* Number of FSM states : 1
* Pipeline : 0
* Dataflow Pipeline: 0

* FSM state transitions: 
1 --> 

* FSM state operations: 

State 1 <SV = 0> <Delay = 5.62>
ST_1 : Operation 2 [1/1] (0.00ns)   --->   "%high_read_1 = read i16 @_ssdm_op_Read.ap_auto.i16, i16 %high_read_29" [../c_sources/dwt_idwt_cdf_5_3.c:187]   --->   Operation 2 'read' 'high_read_1' <Predicate = true> <Delay = 0.00>
ST_1 : Operation 3 [1/1] (0.00ns)   --->   "%high_read_2 = read i16 @_ssdm_op_Read.ap_auto.i16, i16 %high_read_28" [../c_sources/dwt_idwt_cdf_5_3.c:187]   --->   Operation 3 'read' 'high_read_2' <Predicate = true> <Delay = 0.00>
ST_1 : Operation 4 [1/1] (0.00ns)   --->   "%high_read_3 = read i16 @_ssdm_op_Read.ap_auto.i16, i16 %high_read_27" [../c_sources/dwt_idwt_cdf_5_3.c:187]   --->   Operation 4 'read' 'high_read_3' <Predicate = true> <Delay = 0.00>
ST_1 : Operation 5 [1/1] (0.00ns)   --->   "%high_read_4 = read i16 @_ssdm_op_Read.ap_auto.i16, i16 %high_read_26" [../c_sources/dwt_idwt_cdf_5_3.c:187]   --->   Operation 5 'read' 'high_read_4' <Predicate = true> <Delay = 0.00>
ST_1 : Operation 6 [1/1] (0.00ns)   --->   "%high_read_5 = read i16 @_ssdm_op_Read.ap_auto.i16, i16 %high_read_25" [../c_sources/dwt_idwt_cdf_5_3.c:187]   --->   Operation 6 'read' 'high_read_5' <Predicate = true> <Delay = 0.00>
ST_1 : Operation 7 [1/1] (0.00ns)   --->   "%high_read_6 = read i16 @_ssdm_op_Read.ap_auto.i16, i16 %high_read_24" [../c_sources/dwt_idwt_cdf_5_3.c:187]   --->   Operation 7 'read' 'high_read_6' <Predicate = true> <Delay = 0.00>
ST_1 : Operation 8 [1/1] (0.00ns)   --->   "%high_read_7 = read i16 @_ssdm_op_Read.ap_auto.i16, i16 %high_read_23" [../c_sources/dwt_idwt_cdf_5_3.c:187]   --->   Operation 8 'read' 'high_read_7' <Predicate = true> <Delay = 0.00>
ST_1 : Operation 9 [1/1] (0.00ns)   --->   "%high_read_15 = read i16 @_ssdm_op_Read.ap_auto.i16, i16 %high_read" [../c_sources/dwt_idwt_cdf_5_3.c:187]   --->   Operation 9 'read' 'high_read_15' <Predicate = true> <Delay = 0.00>
ST_1 : Operation 10 [1/1] (0.00ns)   --->   "%low_read_1 = read i16 @_ssdm_op_Read.ap_auto.i16, i16 %low_read_29" [../c_sources/dwt_idwt_cdf_5_3.c:187]   --->   Operation 10 'read' 'low_read_1' <Predicate = true> <Delay = 0.00>
ST_1 : Operation 11 [1/1] (0.00ns)   --->   "%low_read_2 = read i16 @_ssdm_op_Read.ap_auto.i16, i16 %low_read_28" [../c_sources/dwt_idwt_cdf_5_3.c:187]   --->   Operation 11 'read' 'low_read_2' <Predicate = true> <Delay = 0.00>
ST_1 : Operation 12 [1/1] (0.00ns)   --->   "%low_read_3 = read i16 @_ssdm_op_Read.ap_auto.i16, i16 %low_read_27" [../c_sources/dwt_idwt_cdf_5_3.c:187]   --->   Operation 12 'read' 'low_read_3' <Predicate = true> <Delay = 0.00>
ST_1 : Operation 13 [1/1] (0.00ns)   --->   "%low_read_4 = read i16 @_ssdm_op_Read.ap_auto.i16, i16 %low_read_26" [../c_sources/dwt_idwt_cdf_5_3.c:187]   --->   Operation 13 'read' 'low_read_4' <Predicate = true> <Delay = 0.00>
ST_1 : Operation 14 [1/1] (0.00ns)   --->   "%low_read_5 = read i16 @_ssdm_op_Read.ap_auto.i16, i16 %low_read_25" [../c_sources/dwt_idwt_cdf_5_3.c:187]   --->   Operation 14 'read' 'low_read_5' <Predicate = true> <Delay = 0.00>
ST_1 : Operation 15 [1/1] (0.00ns)   --->   "%low_read_6 = read i16 @_ssdm_op_Read.ap_auto.i16, i16 %low_read_24" [../c_sources/dwt_idwt_cdf_5_3.c:187]   --->   Operation 15 'read' 'low_read_6' <Predicate = true> <Delay = 0.00>
ST_1 : Operation 16 [1/1] (0.00ns)   --->   "%low_read_7 = read i16 @_ssdm_op_Read.ap_auto.i16, i16 %low_read_23" [../c_sources/dwt_idwt_cdf_5_3.c:187]   --->   Operation 16 'read' 'low_read_7' <Predicate = true> <Delay = 0.00>
ST_1 : Operation 17 [1/1] (0.00ns)   --->   "%low_read_15 = read i16 @_ssdm_op_Read.ap_auto.i16, i16 %low_read" [../c_sources/dwt_idwt_cdf_5_3.c:187]   --->   Operation 17 'read' 'low_read_15' <Predicate = true> <Delay = 0.00>
ST_1 : Operation 18 [1/1] (0.00ns)   --->   "%sext_ln189 = sext i16 %low_read_15" [../c_sources/dwt_idwt_cdf_5_3.c:189]   --->   Operation 18 'sext' 'sext_ln189' <Predicate = true> <Delay = 0.00>
ST_1 : Operation 19 [1/1] (0.00ns)   --->   "%sext_ln189_1 = sext i16 %low_read_7" [../c_sources/dwt_idwt_cdf_5_3.c:189]   --->   Operation 19 'sext' 'sext_ln189_1' <Predicate = true> <Delay = 0.00>
ST_1 : Operation 20 [1/1] (0.00ns)   --->   "%sext_ln189_2 = sext i16 %low_read_6" [../c_sources/dwt_idwt_cdf_5_3.c:189]   --->   Operation 20 'sext' 'sext_ln189_2' <Predicate = true> <Delay = 0.00>
ST_1 : Operation 21 [1/1] (0.00ns)   --->   "%sext_ln189_3 = sext i16 %low_read_5" [../c_sources/dwt_idwt_cdf_5_3.c:189]   --->   Operation 21 'sext' 'sext_ln189_3' <Predicate = true> <Delay = 0.00>
ST_1 : Operation 22 [1/1] (0.00ns)   --->   "%sext_ln189_4 = sext i16 %low_read_4" [../c_sources/dwt_idwt_cdf_5_3.c:189]   --->   Operation 22 'sext' 'sext_ln189_4' <Predicate = true> <Delay = 0.00>
ST_1 : Operation 23 [1/1] (0.00ns)   --->   "%sext_ln189_5 = sext i16 %low_read_3" [../c_sources/dwt_idwt_cdf_5_3.c:189]   --->   Operation 23 'sext' 'sext_ln189_5' <Predicate = true> <Delay = 0.00>
ST_1 : Operation 24 [1/1] (0.00ns)   --->   "%sext_ln189_6 = sext i16 %low_read_2" [../c_sources/dwt_idwt_cdf_5_3.c:189]   --->   Operation 24 'sext' 'sext_ln189_6' <Predicate = true> <Delay = 0.00>
ST_1 : Operation 25 [1/1] (0.00ns)   --->   "%sext_ln189_7 = sext i16 %low_read_1" [../c_sources/dwt_idwt_cdf_5_3.c:189]   --->   Operation 25 'sext' 'sext_ln189_7' <Predicate = true> <Delay = 0.00>
ST_1 : Operation 26 [1/1] (0.00ns)   --->   "%sext_ln201 = sext i16 %high_read_15" [../c_sources/dwt_idwt_cdf_5_3.c:201]   --->   Operation 26 'sext' 'sext_ln201' <Predicate = true> <Delay = 0.00>
ST_1 : Operation 27 [1/1] (0.00ns)   --->   "%sext_ln190 = sext i16 %high_read_15" [../c_sources/dwt_idwt_cdf_5_3.c:190]   --->   Operation 27 'sext' 'sext_ln190' <Predicate = true> <Delay = 0.00>
ST_1 : Operation 28 [1/1] (0.00ns)   --->   "%sext_ln202 = sext i16 %high_read_7" [../c_sources/dwt_idwt_cdf_5_3.c:202]   --->   Operation 28 'sext' 'sext_ln202' <Predicate = true> <Delay = 0.00>
ST_1 : Operation 29 [1/1] (0.00ns)   --->   "%sext_ln190_1 = sext i16 %high_read_7" [../c_sources/dwt_idwt_cdf_5_3.c:190]   --->   Operation 29 'sext' 'sext_ln190_1' <Predicate = true> <Delay = 0.00>
ST_1 : Operation 30 [1/1] (0.00ns)   --->   "%sext_ln203 = sext i16 %high_read_6" [../c_sources/dwt_idwt_cdf_5_3.c:203]   --->   Operation 30 'sext' 'sext_ln203' <Predicate = true> <Delay = 0.00>
ST_1 : Operation 31 [1/1] (0.00ns)   --->   "%sext_ln190_2 = sext i16 %high_read_6" [../c_sources/dwt_idwt_cdf_5_3.c:190]   --->   Operation 31 'sext' 'sext_ln190_2' <Predicate = true> <Delay = 0.00>
ST_1 : Operation 32 [1/1] (0.00ns)   --->   "%sext_ln190_3 = sext i16 %high_read_6" [../c_sources/dwt_idwt_cdf_5_3.c:190]   --->   Operation 32 'sext' 'sext_ln190_3' <Predicate = true> <Delay = 0.00>
ST_1 : Operation 33 [1/1] (0.00ns)   --->   "%sext_ln204 = sext i16 %high_read_5" [../c_sources/dwt_idwt_cdf_5_3.c:204]   --->   Operation 33 'sext' 'sext_ln204' <Predicate = true> <Delay = 0.00>
ST_1 : Operation 34 [1/1] (0.00ns)   --->   "%sext_ln190_4 = sext i16 %high_read_5" [../c_sources/dwt_idwt_cdf_5_3.c:190]   --->   Operation 34 'sext' 'sext_ln190_4' <Predicate = true> <Delay = 0.00>
ST_1 : Operation 35 [1/1] (0.00ns)   --->   "%sext_ln190_5 = sext i16 %high_read_5" [../c_sources/dwt_idwt_cdf_5_3.c:190]   --->   Operation 35 'sext' 'sext_ln190_5' <Predicate = true> <Delay = 0.00>
ST_1 : Operation 36 [1/1] (0.00ns)   --->   "%sext_ln205 = sext i16 %high_read_4" [../c_sources/dwt_idwt_cdf_5_3.c:205]   --->   Operation 36 'sext' 'sext_ln205' <Predicate = true> <Delay = 0.00>
ST_1 : Operation 37 [1/1] (0.00ns)   --->   "%sext_ln190_6 = sext i16 %high_read_4" [../c_sources/dwt_idwt_cdf_5_3.c:190]   --->   Operation 37 'sext' 'sext_ln190_6' <Predicate = true> <Delay = 0.00>
ST_1 : Operation 38 [1/1] (0.00ns)   --->   "%sext_ln190_7 = sext i16 %high_read_4" [../c_sources/dwt_idwt_cdf_5_3.c:190]   --->   Operation 38 'sext' 'sext_ln190_7' <Predicate = true> <Delay = 0.00>
ST_1 : Operation 39 [1/1] (0.00ns)   --->   "%sext_ln206 = sext i16 %high_read_3" [../c_sources/dwt_idwt_cdf_5_3.c:206]   --->   Operation 39 'sext' 'sext_ln206' <Predicate = true> <Delay = 0.00>
ST_1 : Operation 40 [1/1] (0.00ns)   --->   "%sext_ln190_8 = sext i16 %high_read_3" [../c_sources/dwt_idwt_cdf_5_3.c:190]   --->   Operation 40 'sext' 'sext_ln190_8' <Predicate = true> <Delay = 0.00>
ST_1 : Operation 41 [1/1] (0.00ns)   --->   "%sext_ln190_9 = sext i16 %high_read_3" [../c_sources/dwt_idwt_cdf_5_3.c:190]   --->   Operation 41 'sext' 'sext_ln190_9' <Predicate = true> <Delay = 0.00>
ST_1 : Operation 42 [1/1] (0.00ns)   --->   "%sext_ln207 = sext i16 %high_read_2" [../c_sources/dwt_idwt_cdf_5_3.c:207]   --->   Operation 42 'sext' 'sext_ln207' <Predicate = true> <Delay = 0.00>
ST_1 : Operation 43 [1/1] (0.00ns)   --->   "%sext_ln190_10 = sext i16 %high_read_2" [../c_sources/dwt_idwt_cdf_5_3.c:190]   --->   Operation 43 'sext' 'sext_ln190_10' <Predicate = true> <Delay = 0.00>
ST_1 : Operation 44 [1/1] (0.00ns)   --->   "%sext_ln190_11 = sext i16 %high_read_2" [../c_sources/dwt_idwt_cdf_5_3.c:190]   --->   Operation 44 'sext' 'sext_ln190_11' <Predicate = true> <Delay = 0.00>
ST_1 : Operation 45 [1/1] (0.00ns)   --->   "%sext_ln208 = sext i16 %high_read_1" [../c_sources/dwt_idwt_cdf_5_3.c:208]   --->   Operation 45 'sext' 'sext_ln208' <Predicate = true> <Delay = 0.00>
ST_1 : Operation 46 [1/1] (0.00ns)   --->   "%sext_ln190_12 = sext i16 %high_read_1" [../c_sources/dwt_idwt_cdf_5_3.c:190]   --->   Operation 46 'sext' 'sext_ln190_12' <Predicate = true> <Delay = 0.00>
ST_1 : Operation 47 [1/1] (0.00ns)   --->   "%sext_ln190_13 = sext i16 %high_read_1" [../c_sources/dwt_idwt_cdf_5_3.c:190]   --->   Operation 47 'sext' 'sext_ln190_13' <Predicate = true> <Delay = 0.00>
ST_1 : Operation 48 [1/1] (0.85ns)   --->   "%add_ln210 = add i17 %sext_ln190, i17 2" [../c_sources/dwt_idwt_cdf_5_3.c:210]   --->   Operation 48 'add' 'add_ln210' <Predicate = true> <Delay = 0.85> <CoreInst = "Adder">   --->   Core 1 'Adder' <Latency = 0> <II = 1> <Delay = 0.86> <FuncUnit> <Opcode : 'add' 'sub'> <InPorts = 2> <OutPorts = 1>
ST_1 : Operation 49 [1/1] (0.00ns)   --->   "%sext_ln210 = sext i17 %add_ln210" [../c_sources/dwt_idwt_cdf_5_3.c:210]   --->   Operation 49 'sext' 'sext_ln210' <Predicate = true> <Delay = 0.00>
ST_1 : Operation 50 [1/1] (0.86ns)   --->   "%add_ln210_1 = add i18 %sext_ln210, i18 %sext_ln190_13" [../c_sources/dwt_idwt_cdf_5_3.c:210]   --->   Operation 50 'add' 'add_ln210_1' <Predicate = true> <Delay = 0.86> <CoreInst = "Adder">   --->   Core 1 'Adder' <Latency = 0> <II = 1> <Delay = 0.87> <FuncUnit> <Opcode : 'add' 'sub'> <InPorts = 2> <OutPorts = 1>
ST_1 : Operation 51 [1/1] (0.00ns)   --->   "%trunc_ln = partselect i16 @_ssdm_op_PartSelect.i16.i18.i32.i32, i18 %add_ln210_1, i32 2, i32 17" [../c_sources/dwt_idwt_cdf_5_3.c:210]   --->   Operation 51 'partselect' 'trunc_ln' <Predicate = true> <Delay = 0.00>
ST_1 : Operation 52 [1/1] (0.00ns)   --->   "%sext_ln210_1 = sext i16 %trunc_ln" [../c_sources/dwt_idwt_cdf_5_3.c:210]   --->   Operation 52 'sext' 'sext_ln210_1' <Predicate = true> <Delay = 0.00>
ST_1 : Operation 53 [1/1] (0.85ns)   --->   "%s = sub i17 %sext_ln189, i17 %sext_ln210_1" [../c_sources/dwt_idwt_cdf_5_3.c:210]   --->   Operation 53 'sub' 's' <Predicate = true> <Delay = 0.85> <CoreInst = "Adder">   --->   Core 1 'Adder' <Latency = 0> <II = 1> <Delay = 0.86> <FuncUnit> <Opcode : 'add' 'sub'> <InPorts = 2> <OutPorts = 1>
ST_1 : Operation 54 [1/1] (0.00ns)   --->   "%sext_ln189_8 = sext i17 %s" [../c_sources/dwt_idwt_cdf_5_3.c:189]   --->   Operation 54 'sext' 'sext_ln189_8' <Predicate = true> <Delay = 0.00>
ST_1 : Operation 55 [1/1] (0.86ns)   --->   "%add_ln211 = add i18 %sext_ln210, i18 %sext_ln190_1" [../c_sources/dwt_idwt_cdf_5_3.c:211]   --->   Operation 55 'add' 'add_ln211' <Predicate = true> <Delay = 0.86> <CoreInst = "Adder">   --->   Core 1 'Adder' <Latency = 0> <II = 1> <Delay = 0.87> <FuncUnit> <Opcode : 'add' 'sub'> <InPorts = 2> <OutPorts = 1>
ST_1 : Operation 56 [1/1] (0.00ns)   --->   "%trunc_ln1 = partselect i16 @_ssdm_op_PartSelect.i16.i18.i32.i32, i18 %add_ln211, i32 2, i32 17" [../c_sources/dwt_idwt_cdf_5_3.c:211]   --->   Operation 56 'partselect' 'trunc_ln1' <Predicate = true> <Delay = 0.00>
ST_1 : Operation 57 [1/1] (0.00ns)   --->   "%sext_ln211 = sext i16 %trunc_ln1" [../c_sources/dwt_idwt_cdf_5_3.c:211]   --->   Operation 57 'sext' 'sext_ln211' <Predicate = true> <Delay = 0.00>
ST_1 : Operation 58 [1/1] (0.85ns)   --->   "%s_1 = sub i17 %sext_ln189_1, i17 %sext_ln211" [../c_sources/dwt_idwt_cdf_5_3.c:211]   --->   Operation 58 'sub' 's_1' <Predicate = true> <Delay = 0.85> <CoreInst = "Adder">   --->   Core 1 'Adder' <Latency = 0> <II = 1> <Delay = 0.86> <FuncUnit> <Opcode : 'add' 'sub'> <InPorts = 2> <OutPorts = 1>
ST_1 : Operation 59 [1/1] (0.00ns)   --->   "%sext_ln189_9 = sext i17 %s_1" [../c_sources/dwt_idwt_cdf_5_3.c:189]   --->   Operation 59 'sext' 'sext_ln189_9' <Predicate = true> <Delay = 0.00>
ST_1 : Operation 60 [1/1] (0.85ns)   --->   "%add_ln212 = add i17 %sext_ln190_3, i17 2" [../c_sources/dwt_idwt_cdf_5_3.c:212]   --->   Operation 60 'add' 'add_ln212' <Predicate = true> <Delay = 0.85> <CoreInst = "Adder">   --->   Core 1 'Adder' <Latency = 0> <II = 1> <Delay = 0.86> <FuncUnit> <Opcode : 'add' 'sub'> <InPorts = 2> <OutPorts = 1>
ST_1 : Operation 61 [1/1] (0.00ns)   --->   "%sext_ln212 = sext i17 %add_ln212" [../c_sources/dwt_idwt_cdf_5_3.c:212]   --->   Operation 61 'sext' 'sext_ln212' <Predicate = true> <Delay = 0.00>
ST_1 : Operation 62 [1/1] (0.86ns)   --->   "%add_ln212_1 = add i18 %sext_ln212, i18 %sext_ln190_1" [../c_sources/dwt_idwt_cdf_5_3.c:212]   --->   Operation 62 'add' 'add_ln212_1' <Predicate = true> <Delay = 0.86> <CoreInst = "Adder">   --->   Core 1 'Adder' <Latency = 0> <II = 1> <Delay = 0.87> <FuncUnit> <Opcode : 'add' 'sub'> <InPorts = 2> <OutPorts = 1>
ST_1 : Operation 63 [1/1] (0.00ns)   --->   "%trunc_ln2 = partselect i16 @_ssdm_op_PartSelect.i16.i18.i32.i32, i18 %add_ln212_1, i32 2, i32 17" [../c_sources/dwt_idwt_cdf_5_3.c:212]   --->   Operation 63 'partselect' 'trunc_ln2' <Predicate = true> <Delay = 0.00>
ST_1 : Operation 64 [1/1] (0.00ns)   --->   "%sext_ln212_1 = sext i16 %trunc_ln2" [../c_sources/dwt_idwt_cdf_5_3.c:212]   --->   Operation 64 'sext' 'sext_ln212_1' <Predicate = true> <Delay = 0.00>
ST_1 : Operation 65 [1/1] (0.85ns)   --->   "%s_2 = sub i17 %sext_ln189_2, i17 %sext_ln212_1" [../c_sources/dwt_idwt_cdf_5_3.c:212]   --->   Operation 65 'sub' 's_2' <Predicate = true> <Delay = 0.85> <CoreInst = "Adder">   --->   Core 1 'Adder' <Latency = 0> <II = 1> <Delay = 0.86> <FuncUnit> <Opcode : 'add' 'sub'> <InPorts = 2> <OutPorts = 1>
ST_1 : Operation 66 [1/1] (0.00ns)   --->   "%sext_ln189_10 = sext i17 %s_2" [../c_sources/dwt_idwt_cdf_5_3.c:189]   --->   Operation 66 'sext' 'sext_ln189_10' <Predicate = true> <Delay = 0.00>
ST_1 : Operation 67 [1/1] (0.85ns)   --->   "%add_ln213 = add i17 %sext_ln190_5, i17 2" [../c_sources/dwt_idwt_cdf_5_3.c:213]   --->   Operation 67 'add' 'add_ln213' <Predicate = true> <Delay = 0.85> <CoreInst = "Adder">   --->   Core 1 'Adder' <Latency = 0> <II = 1> <Delay = 0.86> <FuncUnit> <Opcode : 'add' 'sub'> <InPorts = 2> <OutPorts = 1>
ST_1 : Operation 68 [1/1] (0.00ns)   --->   "%sext_ln213 = sext i17 %add_ln213" [../c_sources/dwt_idwt_cdf_5_3.c:213]   --->   Operation 68 'sext' 'sext_ln213' <Predicate = true> <Delay = 0.00>
ST_1 : Operation 69 [1/1] (0.86ns)   --->   "%add_ln213_1 = add i18 %sext_ln213, i18 %sext_ln190_2" [../c_sources/dwt_idwt_cdf_5_3.c:213]   --->   Operation 69 'add' 'add_ln213_1' <Predicate = true> <Delay = 0.86> <CoreInst = "Adder">   --->   Core 1 'Adder' <Latency = 0> <II = 1> <Delay = 0.87> <FuncUnit> <Opcode : 'add' 'sub'> <InPorts = 2> <OutPorts = 1>
ST_1 : Operation 70 [1/1] (0.00ns)   --->   "%trunc_ln3 = partselect i16 @_ssdm_op_PartSelect.i16.i18.i32.i32, i18 %add_ln213_1, i32 2, i32 17" [../c_sources/dwt_idwt_cdf_5_3.c:213]   --->   Operation 70 'partselect' 'trunc_ln3' <Predicate = true> <Delay = 0.00>
ST_1 : Operation 71 [1/1] (0.00ns)   --->   "%sext_ln213_1 = sext i16 %trunc_ln3" [../c_sources/dwt_idwt_cdf_5_3.c:213]   --->   Operation 71 'sext' 'sext_ln213_1' <Predicate = true> <Delay = 0.00>
ST_1 : Operation 72 [1/1] (0.85ns)   --->   "%s_3 = sub i17 %sext_ln189_3, i17 %sext_ln213_1" [../c_sources/dwt_idwt_cdf_5_3.c:213]   --->   Operation 72 'sub' 's_3' <Predicate = true> <Delay = 0.85> <CoreInst = "Adder">   --->   Core 1 'Adder' <Latency = 0> <II = 1> <Delay = 0.86> <FuncUnit> <Opcode : 'add' 'sub'> <InPorts = 2> <OutPorts = 1>
ST_1 : Operation 73 [1/1] (0.00ns)   --->   "%sext_ln189_11 = sext i17 %s_3" [../c_sources/dwt_idwt_cdf_5_3.c:189]   --->   Operation 73 'sext' 'sext_ln189_11' <Predicate = true> <Delay = 0.00>
ST_1 : Operation 74 [1/1] (0.85ns)   --->   "%add_ln214 = add i17 %sext_ln190_7, i17 2" [../c_sources/dwt_idwt_cdf_5_3.c:214]   --->   Operation 74 'add' 'add_ln214' <Predicate = true> <Delay = 0.85> <CoreInst = "Adder">   --->   Core 1 'Adder' <Latency = 0> <II = 1> <Delay = 0.86> <FuncUnit> <Opcode : 'add' 'sub'> <InPorts = 2> <OutPorts = 1>
ST_1 : Operation 75 [1/1] (0.00ns)   --->   "%sext_ln214 = sext i17 %add_ln214" [../c_sources/dwt_idwt_cdf_5_3.c:214]   --->   Operation 75 'sext' 'sext_ln214' <Predicate = true> <Delay = 0.00>
ST_1 : Operation 76 [1/1] (0.86ns)   --->   "%add_ln214_1 = add i18 %sext_ln214, i18 %sext_ln190_4" [../c_sources/dwt_idwt_cdf_5_3.c:214]   --->   Operation 76 'add' 'add_ln214_1' <Predicate = true> <Delay = 0.86> <CoreInst = "Adder">   --->   Core 1 'Adder' <Latency = 0> <II = 1> <Delay = 0.87> <FuncUnit> <Opcode : 'add' 'sub'> <InPorts = 2> <OutPorts = 1>
ST_1 : Operation 77 [1/1] (0.00ns)   --->   "%trunc_ln4 = partselect i16 @_ssdm_op_PartSelect.i16.i18.i32.i32, i18 %add_ln214_1, i32 2, i32 17" [../c_sources/dwt_idwt_cdf_5_3.c:214]   --->   Operation 77 'partselect' 'trunc_ln4' <Predicate = true> <Delay = 0.00>
ST_1 : Operation 78 [1/1] (0.00ns)   --->   "%sext_ln214_1 = sext i16 %trunc_ln4" [../c_sources/dwt_idwt_cdf_5_3.c:214]   --->   Operation 78 'sext' 'sext_ln214_1' <Predicate = true> <Delay = 0.00>
ST_1 : Operation 79 [1/1] (0.85ns)   --->   "%s_4 = sub i17 %sext_ln189_4, i17 %sext_ln214_1" [../c_sources/dwt_idwt_cdf_5_3.c:214]   --->   Operation 79 'sub' 's_4' <Predicate = true> <Delay = 0.85> <CoreInst = "Adder">   --->   Core 1 'Adder' <Latency = 0> <II = 1> <Delay = 0.86> <FuncUnit> <Opcode : 'add' 'sub'> <InPorts = 2> <OutPorts = 1>
ST_1 : Operation 80 [1/1] (0.00ns)   --->   "%sext_ln189_12 = sext i17 %s_4" [../c_sources/dwt_idwt_cdf_5_3.c:189]   --->   Operation 80 'sext' 'sext_ln189_12' <Predicate = true> <Delay = 0.00>
ST_1 : Operation 81 [1/1] (0.85ns)   --->   "%add_ln215 = add i17 %sext_ln190_9, i17 2" [../c_sources/dwt_idwt_cdf_5_3.c:215]   --->   Operation 81 'add' 'add_ln215' <Predicate = true> <Delay = 0.85> <CoreInst = "Adder">   --->   Core 1 'Adder' <Latency = 0> <II = 1> <Delay = 0.86> <FuncUnit> <Opcode : 'add' 'sub'> <InPorts = 2> <OutPorts = 1>
ST_1 : Operation 82 [1/1] (0.00ns)   --->   "%sext_ln215 = sext i17 %add_ln215" [../c_sources/dwt_idwt_cdf_5_3.c:215]   --->   Operation 82 'sext' 'sext_ln215' <Predicate = true> <Delay = 0.00>
ST_1 : Operation 83 [1/1] (0.86ns)   --->   "%add_ln215_1 = add i18 %sext_ln215, i18 %sext_ln190_6" [../c_sources/dwt_idwt_cdf_5_3.c:215]   --->   Operation 83 'add' 'add_ln215_1' <Predicate = true> <Delay = 0.86> <CoreInst = "Adder">   --->   Core 1 'Adder' <Latency = 0> <II = 1> <Delay = 0.87> <FuncUnit> <Opcode : 'add' 'sub'> <InPorts = 2> <OutPorts = 1>
ST_1 : Operation 84 [1/1] (0.00ns)   --->   "%trunc_ln5 = partselect i16 @_ssdm_op_PartSelect.i16.i18.i32.i32, i18 %add_ln215_1, i32 2, i32 17" [../c_sources/dwt_idwt_cdf_5_3.c:215]   --->   Operation 84 'partselect' 'trunc_ln5' <Predicate = true> <Delay = 0.00>
ST_1 : Operation 85 [1/1] (0.00ns)   --->   "%sext_ln215_1 = sext i16 %trunc_ln5" [../c_sources/dwt_idwt_cdf_5_3.c:215]   --->   Operation 85 'sext' 'sext_ln215_1' <Predicate = true> <Delay = 0.00>
ST_1 : Operation 86 [1/1] (0.85ns)   --->   "%s_5 = sub i17 %sext_ln189_5, i17 %sext_ln215_1" [../c_sources/dwt_idwt_cdf_5_3.c:215]   --->   Operation 86 'sub' 's_5' <Predicate = true> <Delay = 0.85> <CoreInst = "Adder">   --->   Core 1 'Adder' <Latency = 0> <II = 1> <Delay = 0.86> <FuncUnit> <Opcode : 'add' 'sub'> <InPorts = 2> <OutPorts = 1>
ST_1 : Operation 87 [1/1] (0.00ns)   --->   "%sext_ln189_13 = sext i17 %s_5" [../c_sources/dwt_idwt_cdf_5_3.c:189]   --->   Operation 87 'sext' 'sext_ln189_13' <Predicate = true> <Delay = 0.00>
ST_1 : Operation 88 [1/1] (0.85ns)   --->   "%add_ln216 = add i17 %sext_ln190_11, i17 2" [../c_sources/dwt_idwt_cdf_5_3.c:216]   --->   Operation 88 'add' 'add_ln216' <Predicate = true> <Delay = 0.85> <CoreInst = "Adder">   --->   Core 1 'Adder' <Latency = 0> <II = 1> <Delay = 0.86> <FuncUnit> <Opcode : 'add' 'sub'> <InPorts = 2> <OutPorts = 1>
ST_1 : Operation 89 [1/1] (0.00ns)   --->   "%sext_ln216 = sext i17 %add_ln216" [../c_sources/dwt_idwt_cdf_5_3.c:216]   --->   Operation 89 'sext' 'sext_ln216' <Predicate = true> <Delay = 0.00>
ST_1 : Operation 90 [1/1] (0.86ns)   --->   "%add_ln216_1 = add i18 %sext_ln216, i18 %sext_ln190_8" [../c_sources/dwt_idwt_cdf_5_3.c:216]   --->   Operation 90 'add' 'add_ln216_1' <Predicate = true> <Delay = 0.86> <CoreInst = "Adder">   --->   Core 1 'Adder' <Latency = 0> <II = 1> <Delay = 0.87> <FuncUnit> <Opcode : 'add' 'sub'> <InPorts = 2> <OutPorts = 1>
ST_1 : Operation 91 [1/1] (0.00ns)   --->   "%trunc_ln6 = partselect i16 @_ssdm_op_PartSelect.i16.i18.i32.i32, i18 %add_ln216_1, i32 2, i32 17" [../c_sources/dwt_idwt_cdf_5_3.c:216]   --->   Operation 91 'partselect' 'trunc_ln6' <Predicate = true> <Delay = 0.00>
ST_1 : Operation 92 [1/1] (0.00ns)   --->   "%sext_ln216_1 = sext i16 %trunc_ln6" [../c_sources/dwt_idwt_cdf_5_3.c:216]   --->   Operation 92 'sext' 'sext_ln216_1' <Predicate = true> <Delay = 0.00>
ST_1 : Operation 93 [1/1] (0.85ns)   --->   "%s_6 = sub i17 %sext_ln189_6, i17 %sext_ln216_1" [../c_sources/dwt_idwt_cdf_5_3.c:216]   --->   Operation 93 'sub' 's_6' <Predicate = true> <Delay = 0.85> <CoreInst = "Adder">   --->   Core 1 'Adder' <Latency = 0> <II = 1> <Delay = 0.86> <FuncUnit> <Opcode : 'add' 'sub'> <InPorts = 2> <OutPorts = 1>
ST_1 : Operation 94 [1/1] (0.00ns)   --->   "%sext_ln189_14 = sext i17 %s_6" [../c_sources/dwt_idwt_cdf_5_3.c:189]   --->   Operation 94 'sext' 'sext_ln189_14' <Predicate = true> <Delay = 0.00>
ST_1 : Operation 95 [1/1] (0.85ns)   --->   "%add_ln217 = add i17 %sext_ln190_12, i17 2" [../c_sources/dwt_idwt_cdf_5_3.c:217]   --->   Operation 95 'add' 'add_ln217' <Predicate = true> <Delay = 0.85> <CoreInst = "Adder">   --->   Core 1 'Adder' <Latency = 0> <II = 1> <Delay = 0.86> <FuncUnit> <Opcode : 'add' 'sub'> <InPorts = 2> <OutPorts = 1>
ST_1 : Operation 96 [1/1] (0.00ns)   --->   "%sext_ln217 = sext i17 %add_ln217" [../c_sources/dwt_idwt_cdf_5_3.c:217]   --->   Operation 96 'sext' 'sext_ln217' <Predicate = true> <Delay = 0.00>
ST_1 : Operation 97 [1/1] (0.86ns)   --->   "%add_ln217_1 = add i18 %sext_ln217, i18 %sext_ln190_10" [../c_sources/dwt_idwt_cdf_5_3.c:217]   --->   Operation 97 'add' 'add_ln217_1' <Predicate = true> <Delay = 0.86> <CoreInst = "Adder">   --->   Core 1 'Adder' <Latency = 0> <II = 1> <Delay = 0.87> <FuncUnit> <Opcode : 'add' 'sub'> <InPorts = 2> <OutPorts = 1>
ST_1 : Operation 98 [1/1] (0.00ns)   --->   "%trunc_ln7 = partselect i16 @_ssdm_op_PartSelect.i16.i18.i32.i32, i18 %add_ln217_1, i32 2, i32 17" [../c_sources/dwt_idwt_cdf_5_3.c:217]   --->   Operation 98 'partselect' 'trunc_ln7' <Predicate = true> <Delay = 0.00>
ST_1 : Operation 99 [1/1] (0.00ns)   --->   "%sext_ln217_1 = sext i16 %trunc_ln7" [../c_sources/dwt_idwt_cdf_5_3.c:217]   --->   Operation 99 'sext' 'sext_ln217_1' <Predicate = true> <Delay = 0.00>
ST_1 : Operation 100 [1/1] (0.85ns)   --->   "%s_7 = sub i17 %sext_ln189_7, i17 %sext_ln217_1" [../c_sources/dwt_idwt_cdf_5_3.c:217]   --->   Operation 100 'sub' 's_7' <Predicate = true> <Delay = 0.85> <CoreInst = "Adder">   --->   Core 1 'Adder' <Latency = 0> <II = 1> <Delay = 0.86> <FuncUnit> <Opcode : 'add' 'sub'> <InPorts = 2> <OutPorts = 1>
ST_1 : Operation 101 [1/1] (0.00ns)   --->   "%sext_ln189_15 = sext i17 %s_7" [../c_sources/dwt_idwt_cdf_5_3.c:189]   --->   Operation 101 'sext' 'sext_ln189_15' <Predicate = true> <Delay = 0.00>
ST_1 : Operation 102 [1/1] (0.00ns)   --->   "%tmp = partselect i10 @_ssdm_op_PartSelect.i10.i17.i32.i32, i17 %s, i32 7, i32 16" [../c_sources/dwt_idwt_cdf_5_3.c:9->../c_sources/dwt_idwt_cdf_5_3.c:219]   --->   Operation 102 'partselect' 'tmp' <Predicate = true> <Delay = 0.00>
ST_1 : Operation 103 [1/1] (0.78ns)   --->   "%icmp_ln9 = icmp_sgt  i10 %tmp, i10 0" [../c_sources/dwt_idwt_cdf_5_3.c:9->../c_sources/dwt_idwt_cdf_5_3.c:219]   --->   Operation 103 'icmp' 'icmp_ln9' <Predicate = true> <Delay = 0.78> <CoreInst = "Cmp">   --->   Core 9 'Cmp' <Latency = 0> <II = 1> <Delay = 0.78> <FuncUnit> <Opcode : 'seteq' 'setne' 'setle' 'setge' 'setlt' 'setgt'> <InPorts = 2> <OutPorts = 1>
ST_1 : Operation 104 [1/1] (0.86ns)   --->   "%icmp_ln10 = icmp_slt  i17 %s, i17 130944" [../c_sources/dwt_idwt_cdf_5_3.c:10->../c_sources/dwt_idwt_cdf_5_3.c:219]   --->   Operation 104 'icmp' 'icmp_ln10' <Predicate = true> <Delay = 0.86> <CoreInst = "Cmp">   --->   Core 9 'Cmp' <Latency = 0> <II = 1> <Delay = 0.86> <FuncUnit> <Opcode : 'seteq' 'setne' 'setle' 'setge' 'setlt' 'setgt'> <InPorts = 2> <OutPorts = 1>
ST_1 : Operation 105 [1/1] (0.00ns) (grouped into LUT with out node select_ln9_1)   --->   "%trunc_ln11 = trunc i17 %s" [../c_sources/dwt_idwt_cdf_5_3.c:11->../c_sources/dwt_idwt_cdf_5_3.c:219]   --->   Operation 105 'trunc' 'trunc_ln11' <Predicate = (!or_ln9)> <Delay = 0.00>
ST_1 : Operation 106 [1/1] (0.00ns) (grouped into LUT with out node select_ln9_1)   --->   "%select_ln9 = select i1 %icmp_ln9, i8 127, i8 128" [../c_sources/dwt_idwt_cdf_5_3.c:9->../c_sources/dwt_idwt_cdf_5_3.c:219]   --->   Operation 106 'select' 'select_ln9' <Predicate = (or_ln9)> <Delay = 0.00> <CoreInst = "Sel">   --->   Core 73 'Sel' <Latency = 0> <II = 1> <Delay = 0.38> <FuncUnit> <Opcode : 'select'> <InPorts = 3> <OutPorts = 1>
ST_1 : Operation 107 [1/1] (0.00ns) (grouped into LUT with out node select_ln9_1)   --->   "%or_ln9 = or i1 %icmp_ln9, i1 %icmp_ln10" [../c_sources/dwt_idwt_cdf_5_3.c:9->../c_sources/dwt_idwt_cdf_5_3.c:219]   --->   Operation 107 'or' 'or_ln9' <Predicate = true> <Delay = 0.00> <CoreInst = "LogicGate">   --->   Core 74 'LogicGate' <Latency = 0> <II = 1> <Delay = 0.28> <FuncUnit> <Opcode : 'and' 'or' 'xor'> <InPorts = 2> <OutPorts = 1>
ST_1 : Operation 108 [1/1] (0.38ns) (out node of the LUT)   --->   "%select_ln9_1 = select i1 %or_ln9, i8 %select_ln9, i8 %trunc_ln11" [../c_sources/dwt_idwt_cdf_5_3.c:9->../c_sources/dwt_idwt_cdf_5_3.c:219]   --->   Operation 108 'select' 'select_ln9_1' <Predicate = true> <Delay = 0.38> <CoreInst = "Sel">   --->   Core 73 'Sel' <Latency = 0> <II = 1> <Delay = 0.38> <FuncUnit> <Opcode : 'select'> <InPorts = 3> <OutPorts = 1>
ST_1 : Operation 109 [1/1] (0.00ns)   --->   "%tmp_1 = partselect i10 @_ssdm_op_PartSelect.i10.i17.i32.i32, i17 %s_1, i32 7, i32 16" [../c_sources/dwt_idwt_cdf_5_3.c:9->../c_sources/dwt_idwt_cdf_5_3.c:220]   --->   Operation 109 'partselect' 'tmp_1' <Predicate = true> <Delay = 0.00>
ST_1 : Operation 110 [1/1] (0.78ns)   --->   "%icmp_ln9_1 = icmp_sgt  i10 %tmp_1, i10 0" [../c_sources/dwt_idwt_cdf_5_3.c:9->../c_sources/dwt_idwt_cdf_5_3.c:220]   --->   Operation 110 'icmp' 'icmp_ln9_1' <Predicate = true> <Delay = 0.78> <CoreInst = "Cmp">   --->   Core 9 'Cmp' <Latency = 0> <II = 1> <Delay = 0.78> <FuncUnit> <Opcode : 'seteq' 'setne' 'setle' 'setge' 'setlt' 'setgt'> <InPorts = 2> <OutPorts = 1>
ST_1 : Operation 111 [1/1] (0.86ns)   --->   "%icmp_ln10_1 = icmp_slt  i17 %s_1, i17 130944" [../c_sources/dwt_idwt_cdf_5_3.c:10->../c_sources/dwt_idwt_cdf_5_3.c:220]   --->   Operation 111 'icmp' 'icmp_ln10_1' <Predicate = true> <Delay = 0.86> <CoreInst = "Cmp">   --->   Core 9 'Cmp' <Latency = 0> <II = 1> <Delay = 0.86> <FuncUnit> <Opcode : 'seteq' 'setne' 'setle' 'setge' 'setlt' 'setgt'> <InPorts = 2> <OutPorts = 1>
ST_1 : Operation 112 [1/1] (0.00ns) (grouped into LUT with out node select_ln9_3)   --->   "%trunc_ln11_1 = trunc i17 %s_1" [../c_sources/dwt_idwt_cdf_5_3.c:11->../c_sources/dwt_idwt_cdf_5_3.c:220]   --->   Operation 112 'trunc' 'trunc_ln11_1' <Predicate = (!or_ln9_1)> <Delay = 0.00>
ST_1 : Operation 113 [1/1] (0.00ns) (grouped into LUT with out node select_ln9_3)   --->   "%select_ln9_2 = select i1 %icmp_ln9_1, i8 127, i8 128" [../c_sources/dwt_idwt_cdf_5_3.c:9->../c_sources/dwt_idwt_cdf_5_3.c:220]   --->   Operation 113 'select' 'select_ln9_2' <Predicate = (or_ln9_1)> <Delay = 0.00> <CoreInst = "Sel">   --->   Core 73 'Sel' <Latency = 0> <II = 1> <Delay = 0.38> <FuncUnit> <Opcode : 'select'> <InPorts = 3> <OutPorts = 1>
ST_1 : Operation 114 [1/1] (0.00ns) (grouped into LUT with out node select_ln9_3)   --->   "%or_ln9_1 = or i1 %icmp_ln9_1, i1 %icmp_ln10_1" [../c_sources/dwt_idwt_cdf_5_3.c:9->../c_sources/dwt_idwt_cdf_5_3.c:220]   --->   Operation 114 'or' 'or_ln9_1' <Predicate = true> <Delay = 0.00> <CoreInst = "LogicGate">   --->   Core 74 'LogicGate' <Latency = 0> <II = 1> <Delay = 0.28> <FuncUnit> <Opcode : 'and' 'or' 'xor'> <InPorts = 2> <OutPorts = 1>
ST_1 : Operation 115 [1/1] (0.38ns) (out node of the LUT)   --->   "%select_ln9_3 = select i1 %or_ln9_1, i8 %select_ln9_2, i8 %trunc_ln11_1" [../c_sources/dwt_idwt_cdf_5_3.c:9->../c_sources/dwt_idwt_cdf_5_3.c:220]   --->   Operation 115 'select' 'select_ln9_3' <Predicate = true> <Delay = 0.38> <CoreInst = "Sel">   --->   Core 73 'Sel' <Latency = 0> <II = 1> <Delay = 0.38> <FuncUnit> <Opcode : 'select'> <InPorts = 3> <OutPorts = 1>
ST_1 : Operation 116 [1/1] (0.00ns)   --->   "%tmp_2 = partselect i10 @_ssdm_op_PartSelect.i10.i17.i32.i32, i17 %s_2, i32 7, i32 16" [../c_sources/dwt_idwt_cdf_5_3.c:9->../c_sources/dwt_idwt_cdf_5_3.c:221]   --->   Operation 116 'partselect' 'tmp_2' <Predicate = true> <Delay = 0.00>
ST_1 : Operation 117 [1/1] (0.78ns)   --->   "%icmp_ln9_2 = icmp_sgt  i10 %tmp_2, i10 0" [../c_sources/dwt_idwt_cdf_5_3.c:9->../c_sources/dwt_idwt_cdf_5_3.c:221]   --->   Operation 117 'icmp' 'icmp_ln9_2' <Predicate = true> <Delay = 0.78> <CoreInst = "Cmp">   --->   Core 9 'Cmp' <Latency = 0> <II = 1> <Delay = 0.78> <FuncUnit> <Opcode : 'seteq' 'setne' 'setle' 'setge' 'setlt' 'setgt'> <InPorts = 2> <OutPorts = 1>
ST_1 : Operation 118 [1/1] (0.86ns)   --->   "%icmp_ln10_2 = icmp_slt  i17 %s_2, i17 130944" [../c_sources/dwt_idwt_cdf_5_3.c:10->../c_sources/dwt_idwt_cdf_5_3.c:221]   --->   Operation 118 'icmp' 'icmp_ln10_2' <Predicate = true> <Delay = 0.86> <CoreInst = "Cmp">   --->   Core 9 'Cmp' <Latency = 0> <II = 1> <Delay = 0.86> <FuncUnit> <Opcode : 'seteq' 'setne' 'setle' 'setge' 'setlt' 'setgt'> <InPorts = 2> <OutPorts = 1>
ST_1 : Operation 119 [1/1] (0.00ns) (grouped into LUT with out node select_ln9_5)   --->   "%trunc_ln11_2 = trunc i17 %s_2" [../c_sources/dwt_idwt_cdf_5_3.c:11->../c_sources/dwt_idwt_cdf_5_3.c:221]   --->   Operation 119 'trunc' 'trunc_ln11_2' <Predicate = (!or_ln9_2)> <Delay = 0.00>
ST_1 : Operation 120 [1/1] (0.00ns) (grouped into LUT with out node select_ln9_5)   --->   "%select_ln9_4 = select i1 %icmp_ln9_2, i8 127, i8 128" [../c_sources/dwt_idwt_cdf_5_3.c:9->../c_sources/dwt_idwt_cdf_5_3.c:221]   --->   Operation 120 'select' 'select_ln9_4' <Predicate = (or_ln9_2)> <Delay = 0.00> <CoreInst = "Sel">   --->   Core 73 'Sel' <Latency = 0> <II = 1> <Delay = 0.38> <FuncUnit> <Opcode : 'select'> <InPorts = 3> <OutPorts = 1>
ST_1 : Operation 121 [1/1] (0.00ns) (grouped into LUT with out node select_ln9_5)   --->   "%or_ln9_2 = or i1 %icmp_ln9_2, i1 %icmp_ln10_2" [../c_sources/dwt_idwt_cdf_5_3.c:9->../c_sources/dwt_idwt_cdf_5_3.c:221]   --->   Operation 121 'or' 'or_ln9_2' <Predicate = true> <Delay = 0.00> <CoreInst = "LogicGate">   --->   Core 74 'LogicGate' <Latency = 0> <II = 1> <Delay = 0.28> <FuncUnit> <Opcode : 'and' 'or' 'xor'> <InPorts = 2> <OutPorts = 1>
ST_1 : Operation 122 [1/1] (0.38ns) (out node of the LUT)   --->   "%select_ln9_5 = select i1 %or_ln9_2, i8 %select_ln9_4, i8 %trunc_ln11_2" [../c_sources/dwt_idwt_cdf_5_3.c:9->../c_sources/dwt_idwt_cdf_5_3.c:221]   --->   Operation 122 'select' 'select_ln9_5' <Predicate = true> <Delay = 0.38> <CoreInst = "Sel">   --->   Core 73 'Sel' <Latency = 0> <II = 1> <Delay = 0.38> <FuncUnit> <Opcode : 'select'> <InPorts = 3> <OutPorts = 1>
ST_1 : Operation 123 [1/1] (0.00ns)   --->   "%tmp_3 = partselect i10 @_ssdm_op_PartSelect.i10.i17.i32.i32, i17 %s_3, i32 7, i32 16" [../c_sources/dwt_idwt_cdf_5_3.c:9->../c_sources/dwt_idwt_cdf_5_3.c:222]   --->   Operation 123 'partselect' 'tmp_3' <Predicate = true> <Delay = 0.00>
ST_1 : Operation 124 [1/1] (0.78ns)   --->   "%icmp_ln9_3 = icmp_sgt  i10 %tmp_3, i10 0" [../c_sources/dwt_idwt_cdf_5_3.c:9->../c_sources/dwt_idwt_cdf_5_3.c:222]   --->   Operation 124 'icmp' 'icmp_ln9_3' <Predicate = true> <Delay = 0.78> <CoreInst = "Cmp">   --->   Core 9 'Cmp' <Latency = 0> <II = 1> <Delay = 0.78> <FuncUnit> <Opcode : 'seteq' 'setne' 'setle' 'setge' 'setlt' 'setgt'> <InPorts = 2> <OutPorts = 1>
ST_1 : Operation 125 [1/1] (0.86ns)   --->   "%icmp_ln10_3 = icmp_slt  i17 %s_3, i17 130944" [../c_sources/dwt_idwt_cdf_5_3.c:10->../c_sources/dwt_idwt_cdf_5_3.c:222]   --->   Operation 125 'icmp' 'icmp_ln10_3' <Predicate = true> <Delay = 0.86> <CoreInst = "Cmp">   --->   Core 9 'Cmp' <Latency = 0> <II = 1> <Delay = 0.86> <FuncUnit> <Opcode : 'seteq' 'setne' 'setle' 'setge' 'setlt' 'setgt'> <InPorts = 2> <OutPorts = 1>
ST_1 : Operation 126 [1/1] (0.00ns) (grouped into LUT with out node select_ln9_7)   --->   "%trunc_ln11_3 = trunc i17 %s_3" [../c_sources/dwt_idwt_cdf_5_3.c:11->../c_sources/dwt_idwt_cdf_5_3.c:222]   --->   Operation 126 'trunc' 'trunc_ln11_3' <Predicate = (!or_ln9_3)> <Delay = 0.00>
ST_1 : Operation 127 [1/1] (0.00ns) (grouped into LUT with out node select_ln9_7)   --->   "%select_ln9_6 = select i1 %icmp_ln9_3, i8 127, i8 128" [../c_sources/dwt_idwt_cdf_5_3.c:9->../c_sources/dwt_idwt_cdf_5_3.c:222]   --->   Operation 127 'select' 'select_ln9_6' <Predicate = (or_ln9_3)> <Delay = 0.00> <CoreInst = "Sel">   --->   Core 73 'Sel' <Latency = 0> <II = 1> <Delay = 0.38> <FuncUnit> <Opcode : 'select'> <InPorts = 3> <OutPorts = 1>
ST_1 : Operation 128 [1/1] (0.00ns) (grouped into LUT with out node select_ln9_7)   --->   "%or_ln9_3 = or i1 %icmp_ln9_3, i1 %icmp_ln10_3" [../c_sources/dwt_idwt_cdf_5_3.c:9->../c_sources/dwt_idwt_cdf_5_3.c:222]   --->   Operation 128 'or' 'or_ln9_3' <Predicate = true> <Delay = 0.00> <CoreInst = "LogicGate">   --->   Core 74 'LogicGate' <Latency = 0> <II = 1> <Delay = 0.28> <FuncUnit> <Opcode : 'and' 'or' 'xor'> <InPorts = 2> <OutPorts = 1>
ST_1 : Operation 129 [1/1] (0.38ns) (out node of the LUT)   --->   "%select_ln9_7 = select i1 %or_ln9_3, i8 %select_ln9_6, i8 %trunc_ln11_3" [../c_sources/dwt_idwt_cdf_5_3.c:9->../c_sources/dwt_idwt_cdf_5_3.c:222]   --->   Operation 129 'select' 'select_ln9_7' <Predicate = true> <Delay = 0.38> <CoreInst = "Sel">   --->   Core 73 'Sel' <Latency = 0> <II = 1> <Delay = 0.38> <FuncUnit> <Opcode : 'select'> <InPorts = 3> <OutPorts = 1>
ST_1 : Operation 130 [1/1] (0.00ns)   --->   "%tmp_4 = partselect i10 @_ssdm_op_PartSelect.i10.i17.i32.i32, i17 %s_4, i32 7, i32 16" [../c_sources/dwt_idwt_cdf_5_3.c:9->../c_sources/dwt_idwt_cdf_5_3.c:223]   --->   Operation 130 'partselect' 'tmp_4' <Predicate = true> <Delay = 0.00>
ST_1 : Operation 131 [1/1] (0.78ns)   --->   "%icmp_ln9_4 = icmp_sgt  i10 %tmp_4, i10 0" [../c_sources/dwt_idwt_cdf_5_3.c:9->../c_sources/dwt_idwt_cdf_5_3.c:223]   --->   Operation 131 'icmp' 'icmp_ln9_4' <Predicate = true> <Delay = 0.78> <CoreInst = "Cmp">   --->   Core 9 'Cmp' <Latency = 0> <II = 1> <Delay = 0.78> <FuncUnit> <Opcode : 'seteq' 'setne' 'setle' 'setge' 'setlt' 'setgt'> <InPorts = 2> <OutPorts = 1>
ST_1 : Operation 132 [1/1] (0.86ns)   --->   "%icmp_ln10_4 = icmp_slt  i17 %s_4, i17 130944" [../c_sources/dwt_idwt_cdf_5_3.c:10->../c_sources/dwt_idwt_cdf_5_3.c:223]   --->   Operation 132 'icmp' 'icmp_ln10_4' <Predicate = true> <Delay = 0.86> <CoreInst = "Cmp">   --->   Core 9 'Cmp' <Latency = 0> <II = 1> <Delay = 0.86> <FuncUnit> <Opcode : 'seteq' 'setne' 'setle' 'setge' 'setlt' 'setgt'> <InPorts = 2> <OutPorts = 1>
ST_1 : Operation 133 [1/1] (0.00ns) (grouped into LUT with out node select_ln9_9)   --->   "%trunc_ln11_4 = trunc i17 %s_4" [../c_sources/dwt_idwt_cdf_5_3.c:11->../c_sources/dwt_idwt_cdf_5_3.c:223]   --->   Operation 133 'trunc' 'trunc_ln11_4' <Predicate = (!or_ln9_4)> <Delay = 0.00>
ST_1 : Operation 134 [1/1] (0.00ns) (grouped into LUT with out node select_ln9_9)   --->   "%select_ln9_8 = select i1 %icmp_ln9_4, i8 127, i8 128" [../c_sources/dwt_idwt_cdf_5_3.c:9->../c_sources/dwt_idwt_cdf_5_3.c:223]   --->   Operation 134 'select' 'select_ln9_8' <Predicate = (or_ln9_4)> <Delay = 0.00> <CoreInst = "Sel">   --->   Core 73 'Sel' <Latency = 0> <II = 1> <Delay = 0.38> <FuncUnit> <Opcode : 'select'> <InPorts = 3> <OutPorts = 1>
ST_1 : Operation 135 [1/1] (0.00ns) (grouped into LUT with out node select_ln9_9)   --->   "%or_ln9_4 = or i1 %icmp_ln9_4, i1 %icmp_ln10_4" [../c_sources/dwt_idwt_cdf_5_3.c:9->../c_sources/dwt_idwt_cdf_5_3.c:223]   --->   Operation 135 'or' 'or_ln9_4' <Predicate = true> <Delay = 0.00> <CoreInst = "LogicGate">   --->   Core 74 'LogicGate' <Latency = 0> <II = 1> <Delay = 0.28> <FuncUnit> <Opcode : 'and' 'or' 'xor'> <InPorts = 2> <OutPorts = 1>
ST_1 : Operation 136 [1/1] (0.38ns) (out node of the LUT)   --->   "%select_ln9_9 = select i1 %or_ln9_4, i8 %select_ln9_8, i8 %trunc_ln11_4" [../c_sources/dwt_idwt_cdf_5_3.c:9->../c_sources/dwt_idwt_cdf_5_3.c:223]   --->   Operation 136 'select' 'select_ln9_9' <Predicate = true> <Delay = 0.38> <CoreInst = "Sel">   --->   Core 73 'Sel' <Latency = 0> <II = 1> <Delay = 0.38> <FuncUnit> <Opcode : 'select'> <InPorts = 3> <OutPorts = 1>
ST_1 : Operation 137 [1/1] (0.00ns)   --->   "%tmp_5 = partselect i10 @_ssdm_op_PartSelect.i10.i17.i32.i32, i17 %s_5, i32 7, i32 16" [../c_sources/dwt_idwt_cdf_5_3.c:9->../c_sources/dwt_idwt_cdf_5_3.c:224]   --->   Operation 137 'partselect' 'tmp_5' <Predicate = true> <Delay = 0.00>
ST_1 : Operation 138 [1/1] (0.78ns)   --->   "%icmp_ln9_5 = icmp_sgt  i10 %tmp_5, i10 0" [../c_sources/dwt_idwt_cdf_5_3.c:9->../c_sources/dwt_idwt_cdf_5_3.c:224]   --->   Operation 138 'icmp' 'icmp_ln9_5' <Predicate = true> <Delay = 0.78> <CoreInst = "Cmp">   --->   Core 9 'Cmp' <Latency = 0> <II = 1> <Delay = 0.78> <FuncUnit> <Opcode : 'seteq' 'setne' 'setle' 'setge' 'setlt' 'setgt'> <InPorts = 2> <OutPorts = 1>
ST_1 : Operation 139 [1/1] (0.86ns)   --->   "%icmp_ln10_5 = icmp_slt  i17 %s_5, i17 130944" [../c_sources/dwt_idwt_cdf_5_3.c:10->../c_sources/dwt_idwt_cdf_5_3.c:224]   --->   Operation 139 'icmp' 'icmp_ln10_5' <Predicate = true> <Delay = 0.86> <CoreInst = "Cmp">   --->   Core 9 'Cmp' <Latency = 0> <II = 1> <Delay = 0.86> <FuncUnit> <Opcode : 'seteq' 'setne' 'setle' 'setge' 'setlt' 'setgt'> <InPorts = 2> <OutPorts = 1>
ST_1 : Operation 140 [1/1] (0.00ns) (grouped into LUT with out node select_ln9_11)   --->   "%trunc_ln11_5 = trunc i17 %s_5" [../c_sources/dwt_idwt_cdf_5_3.c:11->../c_sources/dwt_idwt_cdf_5_3.c:224]   --->   Operation 140 'trunc' 'trunc_ln11_5' <Predicate = (!or_ln9_5)> <Delay = 0.00>
ST_1 : Operation 141 [1/1] (0.00ns) (grouped into LUT with out node select_ln9_11)   --->   "%select_ln9_10 = select i1 %icmp_ln9_5, i8 127, i8 128" [../c_sources/dwt_idwt_cdf_5_3.c:9->../c_sources/dwt_idwt_cdf_5_3.c:224]   --->   Operation 141 'select' 'select_ln9_10' <Predicate = (or_ln9_5)> <Delay = 0.00> <CoreInst = "Sel">   --->   Core 73 'Sel' <Latency = 0> <II = 1> <Delay = 0.38> <FuncUnit> <Opcode : 'select'> <InPorts = 3> <OutPorts = 1>
ST_1 : Operation 142 [1/1] (0.00ns) (grouped into LUT with out node select_ln9_11)   --->   "%or_ln9_5 = or i1 %icmp_ln9_5, i1 %icmp_ln10_5" [../c_sources/dwt_idwt_cdf_5_3.c:9->../c_sources/dwt_idwt_cdf_5_3.c:224]   --->   Operation 142 'or' 'or_ln9_5' <Predicate = true> <Delay = 0.00> <CoreInst = "LogicGate">   --->   Core 74 'LogicGate' <Latency = 0> <II = 1> <Delay = 0.28> <FuncUnit> <Opcode : 'and' 'or' 'xor'> <InPorts = 2> <OutPorts = 1>
ST_1 : Operation 143 [1/1] (0.38ns) (out node of the LUT)   --->   "%select_ln9_11 = select i1 %or_ln9_5, i8 %select_ln9_10, i8 %trunc_ln11_5" [../c_sources/dwt_idwt_cdf_5_3.c:9->../c_sources/dwt_idwt_cdf_5_3.c:224]   --->   Operation 143 'select' 'select_ln9_11' <Predicate = true> <Delay = 0.38> <CoreInst = "Sel">   --->   Core 73 'Sel' <Latency = 0> <II = 1> <Delay = 0.38> <FuncUnit> <Opcode : 'select'> <InPorts = 3> <OutPorts = 1>
ST_1 : Operation 144 [1/1] (0.00ns)   --->   "%tmp_6 = partselect i10 @_ssdm_op_PartSelect.i10.i17.i32.i32, i17 %s_6, i32 7, i32 16" [../c_sources/dwt_idwt_cdf_5_3.c:9->../c_sources/dwt_idwt_cdf_5_3.c:225]   --->   Operation 144 'partselect' 'tmp_6' <Predicate = true> <Delay = 0.00>
ST_1 : Operation 145 [1/1] (0.78ns)   --->   "%icmp_ln9_6 = icmp_sgt  i10 %tmp_6, i10 0" [../c_sources/dwt_idwt_cdf_5_3.c:9->../c_sources/dwt_idwt_cdf_5_3.c:225]   --->   Operation 145 'icmp' 'icmp_ln9_6' <Predicate = true> <Delay = 0.78> <CoreInst = "Cmp">   --->   Core 9 'Cmp' <Latency = 0> <II = 1> <Delay = 0.78> <FuncUnit> <Opcode : 'seteq' 'setne' 'setle' 'setge' 'setlt' 'setgt'> <InPorts = 2> <OutPorts = 1>
ST_1 : Operation 146 [1/1] (0.86ns)   --->   "%icmp_ln10_6 = icmp_slt  i17 %s_6, i17 130944" [../c_sources/dwt_idwt_cdf_5_3.c:10->../c_sources/dwt_idwt_cdf_5_3.c:225]   --->   Operation 146 'icmp' 'icmp_ln10_6' <Predicate = true> <Delay = 0.86> <CoreInst = "Cmp">   --->   Core 9 'Cmp' <Latency = 0> <II = 1> <Delay = 0.86> <FuncUnit> <Opcode : 'seteq' 'setne' 'setle' 'setge' 'setlt' 'setgt'> <InPorts = 2> <OutPorts = 1>
ST_1 : Operation 147 [1/1] (0.00ns) (grouped into LUT with out node select_ln9_13)   --->   "%trunc_ln11_6 = trunc i17 %s_6" [../c_sources/dwt_idwt_cdf_5_3.c:11->../c_sources/dwt_idwt_cdf_5_3.c:225]   --->   Operation 147 'trunc' 'trunc_ln11_6' <Predicate = (!or_ln9_6)> <Delay = 0.00>
ST_1 : Operation 148 [1/1] (0.00ns) (grouped into LUT with out node select_ln9_13)   --->   "%select_ln9_12 = select i1 %icmp_ln9_6, i8 127, i8 128" [../c_sources/dwt_idwt_cdf_5_3.c:9->../c_sources/dwt_idwt_cdf_5_3.c:225]   --->   Operation 148 'select' 'select_ln9_12' <Predicate = (or_ln9_6)> <Delay = 0.00> <CoreInst = "Sel">   --->   Core 73 'Sel' <Latency = 0> <II = 1> <Delay = 0.38> <FuncUnit> <Opcode : 'select'> <InPorts = 3> <OutPorts = 1>
ST_1 : Operation 149 [1/1] (0.00ns) (grouped into LUT with out node select_ln9_13)   --->   "%or_ln9_6 = or i1 %icmp_ln9_6, i1 %icmp_ln10_6" [../c_sources/dwt_idwt_cdf_5_3.c:9->../c_sources/dwt_idwt_cdf_5_3.c:225]   --->   Operation 149 'or' 'or_ln9_6' <Predicate = true> <Delay = 0.00> <CoreInst = "LogicGate">   --->   Core 74 'LogicGate' <Latency = 0> <II = 1> <Delay = 0.28> <FuncUnit> <Opcode : 'and' 'or' 'xor'> <InPorts = 2> <OutPorts = 1>
ST_1 : Operation 150 [1/1] (0.38ns) (out node of the LUT)   --->   "%select_ln9_13 = select i1 %or_ln9_6, i8 %select_ln9_12, i8 %trunc_ln11_6" [../c_sources/dwt_idwt_cdf_5_3.c:9->../c_sources/dwt_idwt_cdf_5_3.c:225]   --->   Operation 150 'select' 'select_ln9_13' <Predicate = true> <Delay = 0.38> <CoreInst = "Sel">   --->   Core 73 'Sel' <Latency = 0> <II = 1> <Delay = 0.38> <FuncUnit> <Opcode : 'select'> <InPorts = 3> <OutPorts = 1>
ST_1 : Operation 151 [1/1] (0.00ns)   --->   "%tmp_7 = partselect i10 @_ssdm_op_PartSelect.i10.i17.i32.i32, i17 %s_7, i32 7, i32 16" [../c_sources/dwt_idwt_cdf_5_3.c:9->../c_sources/dwt_idwt_cdf_5_3.c:226]   --->   Operation 151 'partselect' 'tmp_7' <Predicate = true> <Delay = 0.00>
ST_1 : Operation 152 [1/1] (0.78ns)   --->   "%icmp_ln9_7 = icmp_sgt  i10 %tmp_7, i10 0" [../c_sources/dwt_idwt_cdf_5_3.c:9->../c_sources/dwt_idwt_cdf_5_3.c:226]   --->   Operation 152 'icmp' 'icmp_ln9_7' <Predicate = true> <Delay = 0.78> <CoreInst = "Cmp">   --->   Core 9 'Cmp' <Latency = 0> <II = 1> <Delay = 0.78> <FuncUnit> <Opcode : 'seteq' 'setne' 'setle' 'setge' 'setlt' 'setgt'> <InPorts = 2> <OutPorts = 1>
ST_1 : Operation 153 [1/1] (0.86ns)   --->   "%icmp_ln10_7 = icmp_slt  i17 %s_7, i17 130944" [../c_sources/dwt_idwt_cdf_5_3.c:10->../c_sources/dwt_idwt_cdf_5_3.c:226]   --->   Operation 153 'icmp' 'icmp_ln10_7' <Predicate = true> <Delay = 0.86> <CoreInst = "Cmp">   --->   Core 9 'Cmp' <Latency = 0> <II = 1> <Delay = 0.86> <FuncUnit> <Opcode : 'seteq' 'setne' 'setle' 'setge' 'setlt' 'setgt'> <InPorts = 2> <OutPorts = 1>
ST_1 : Operation 154 [1/1] (0.00ns) (grouped into LUT with out node select_ln9_15)   --->   "%trunc_ln11_7 = trunc i17 %s_7" [../c_sources/dwt_idwt_cdf_5_3.c:11->../c_sources/dwt_idwt_cdf_5_3.c:226]   --->   Operation 154 'trunc' 'trunc_ln11_7' <Predicate = (!or_ln9_7)> <Delay = 0.00>
ST_1 : Operation 155 [1/1] (0.00ns) (grouped into LUT with out node select_ln9_15)   --->   "%select_ln9_14 = select i1 %icmp_ln9_7, i8 127, i8 128" [../c_sources/dwt_idwt_cdf_5_3.c:9->../c_sources/dwt_idwt_cdf_5_3.c:226]   --->   Operation 155 'select' 'select_ln9_14' <Predicate = (or_ln9_7)> <Delay = 0.00> <CoreInst = "Sel">   --->   Core 73 'Sel' <Latency = 0> <II = 1> <Delay = 0.38> <FuncUnit> <Opcode : 'select'> <InPorts = 3> <OutPorts = 1>
ST_1 : Operation 156 [1/1] (0.00ns) (grouped into LUT with out node select_ln9_15)   --->   "%or_ln9_7 = or i1 %icmp_ln9_7, i1 %icmp_ln10_7" [../c_sources/dwt_idwt_cdf_5_3.c:9->../c_sources/dwt_idwt_cdf_5_3.c:226]   --->   Operation 156 'or' 'or_ln9_7' <Predicate = true> <Delay = 0.00> <CoreInst = "LogicGate">   --->   Core 74 'LogicGate' <Latency = 0> <II = 1> <Delay = 0.28> <FuncUnit> <Opcode : 'and' 'or' 'xor'> <InPorts = 2> <OutPorts = 1>
ST_1 : Operation 157 [1/1] (0.38ns) (out node of the LUT)   --->   "%select_ln9_15 = select i1 %or_ln9_7, i8 %select_ln9_14, i8 %trunc_ln11_7" [../c_sources/dwt_idwt_cdf_5_3.c:9->../c_sources/dwt_idwt_cdf_5_3.c:226]   --->   Operation 157 'select' 'select_ln9_15' <Predicate = true> <Delay = 0.38> <CoreInst = "Sel">   --->   Core 73 'Sel' <Latency = 0> <II = 1> <Delay = 0.38> <FuncUnit> <Opcode : 'select'> <InPorts = 3> <OutPorts = 1>
ST_1 : Operation 158 [1/1] (0.86ns)   --->   "%add_ln228 = add i18 %sext_ln189_8, i18 %sext_ln189_9" [../c_sources/dwt_idwt_cdf_5_3.c:228]   --->   Operation 158 'add' 'add_ln228' <Predicate = true> <Delay = 0.86> <CoreInst = "Adder">   --->   Core 1 'Adder' <Latency = 0> <II = 1> <Delay = 0.87> <FuncUnit> <Opcode : 'add' 'sub'> <InPorts = 2> <OutPorts = 1>
ST_1 : Operation 159 [1/1] (0.00ns)   --->   "%tmp_8 = partselect i17 @_ssdm_op_PartSelect.i17.i18.i32.i32, i18 %add_ln228, i32 1, i32 17" [../c_sources/dwt_idwt_cdf_5_3.c:228]   --->   Operation 159 'partselect' 'tmp_8' <Predicate = true> <Delay = 0.00>
ST_1 : Operation 160 [1/1] (0.00ns)   --->   "%sext_ln228 = sext i17 %tmp_8" [../c_sources/dwt_idwt_cdf_5_3.c:228]   --->   Operation 160 'sext' 'sext_ln228' <Predicate = true> <Delay = 0.00>
ST_1 : Operation 161 [1/1] (0.86ns)   --->   "%add_ln228_1 = add i32 %sext_ln228, i32 %sext_ln201" [../c_sources/dwt_idwt_cdf_5_3.c:228]   --->   Operation 161 'add' 'add_ln228_1' <Predicate = true> <Delay = 0.86> <CoreInst = "Adder">   --->   Core 1 'Adder' <Latency = 0> <II = 1> <Delay = 1.01> <FuncUnit> <Opcode : 'add' 'sub'> <InPorts = 2> <OutPorts = 1>
ST_1 : Operation 162 [1/1] (0.00ns)   --->   "%tmp_9 = partselect i25 @_ssdm_op_PartSelect.i25.i32.i32.i32, i32 %add_ln228_1, i32 7, i32 31" [../c_sources/dwt_idwt_cdf_5_3.c:9->../c_sources/dwt_idwt_cdf_5_3.c:228]   --->   Operation 162 'partselect' 'tmp_9' <Predicate = true> <Delay = 0.00>
ST_1 : Operation 163 [1/1] (0.94ns)   --->   "%icmp_ln9_8 = icmp_sgt  i25 %tmp_9, i25 0" [../c_sources/dwt_idwt_cdf_5_3.c:9->../c_sources/dwt_idwt_cdf_5_3.c:228]   --->   Operation 163 'icmp' 'icmp_ln9_8' <Predicate = true> <Delay = 0.94> <CoreInst = "Cmp">   --->   Core 9 'Cmp' <Latency = 0> <II = 1> <Delay = 0.94> <FuncUnit> <Opcode : 'seteq' 'setne' 'setle' 'setge' 'setlt' 'setgt'> <InPorts = 2> <OutPorts = 1>
ST_1 : Operation 164 [1/1] (0.87ns)   --->   "%icmp_ln10_8 = icmp_slt  i32 %add_ln228_1, i32 4294967168" [../c_sources/dwt_idwt_cdf_5_3.c:10->../c_sources/dwt_idwt_cdf_5_3.c:228]   --->   Operation 164 'icmp' 'icmp_ln10_8' <Predicate = true> <Delay = 0.87> <CoreInst = "Cmp">   --->   Core 9 'Cmp' <Latency = 0> <II = 1> <Delay = 1.01> <FuncUnit> <Opcode : 'seteq' 'setne' 'setle' 'setge' 'setlt' 'setgt'> <InPorts = 2> <OutPorts = 1>
ST_1 : Operation 165 [1/1] (0.00ns) (grouped into LUT with out node select_ln9_17)   --->   "%trunc_ln11_8 = trunc i32 %add_ln228_1" [../c_sources/dwt_idwt_cdf_5_3.c:11->../c_sources/dwt_idwt_cdf_5_3.c:228]   --->   Operation 165 'trunc' 'trunc_ln11_8' <Predicate = (!or_ln9_8)> <Delay = 0.00>
ST_1 : Operation 166 [1/1] (0.00ns) (grouped into LUT with out node select_ln9_17)   --->   "%select_ln9_16 = select i1 %icmp_ln9_8, i8 127, i8 128" [../c_sources/dwt_idwt_cdf_5_3.c:9->../c_sources/dwt_idwt_cdf_5_3.c:228]   --->   Operation 166 'select' 'select_ln9_16' <Predicate = (or_ln9_8)> <Delay = 0.00> <CoreInst = "Sel">   --->   Core 73 'Sel' <Latency = 0> <II = 1> <Delay = 0.38> <FuncUnit> <Opcode : 'select'> <InPorts = 3> <OutPorts = 1>
ST_1 : Operation 167 [1/1] (0.00ns) (grouped into LUT with out node select_ln9_17)   --->   "%or_ln9_8 = or i1 %icmp_ln9_8, i1 %icmp_ln10_8" [../c_sources/dwt_idwt_cdf_5_3.c:9->../c_sources/dwt_idwt_cdf_5_3.c:228]   --->   Operation 167 'or' 'or_ln9_8' <Predicate = true> <Delay = 0.00> <CoreInst = "LogicGate">   --->   Core 74 'LogicGate' <Latency = 0> <II = 1> <Delay = 0.28> <FuncUnit> <Opcode : 'and' 'or' 'xor'> <InPorts = 2> <OutPorts = 1>
ST_1 : Operation 168 [1/1] (0.38ns) (out node of the LUT)   --->   "%select_ln9_17 = select i1 %or_ln9_8, i8 %select_ln9_16, i8 %trunc_ln11_8" [../c_sources/dwt_idwt_cdf_5_3.c:9->../c_sources/dwt_idwt_cdf_5_3.c:228]   --->   Operation 168 'select' 'select_ln9_17' <Predicate = true> <Delay = 0.38> <CoreInst = "Sel">   --->   Core 73 'Sel' <Latency = 0> <II = 1> <Delay = 0.38> <FuncUnit> <Opcode : 'select'> <InPorts = 3> <OutPorts = 1>
ST_1 : Operation 169 [1/1] (0.86ns)   --->   "%add_ln229 = add i18 %sext_ln189_10, i18 %sext_ln189_9" [../c_sources/dwt_idwt_cdf_5_3.c:229]   --->   Operation 169 'add' 'add_ln229' <Predicate = true> <Delay = 0.86> <CoreInst = "Adder">   --->   Core 1 'Adder' <Latency = 0> <II = 1> <Delay = 0.87> <FuncUnit> <Opcode : 'add' 'sub'> <InPorts = 2> <OutPorts = 1>
ST_1 : Operation 170 [1/1] (0.00ns)   --->   "%tmp_10 = partselect i17 @_ssdm_op_PartSelect.i17.i18.i32.i32, i18 %add_ln229, i32 1, i32 17" [../c_sources/dwt_idwt_cdf_5_3.c:229]   --->   Operation 170 'partselect' 'tmp_10' <Predicate = true> <Delay = 0.00>
ST_1 : Operation 171 [1/1] (0.00ns)   --->   "%sext_ln229 = sext i17 %tmp_10" [../c_sources/dwt_idwt_cdf_5_3.c:229]   --->   Operation 171 'sext' 'sext_ln229' <Predicate = true> <Delay = 0.00>
ST_1 : Operation 172 [1/1] (0.86ns)   --->   "%add_ln229_1 = add i32 %sext_ln229, i32 %sext_ln202" [../c_sources/dwt_idwt_cdf_5_3.c:229]   --->   Operation 172 'add' 'add_ln229_1' <Predicate = true> <Delay = 0.86> <CoreInst = "Adder">   --->   Core 1 'Adder' <Latency = 0> <II = 1> <Delay = 1.01> <FuncUnit> <Opcode : 'add' 'sub'> <InPorts = 2> <OutPorts = 1>
ST_1 : Operation 173 [1/1] (0.00ns)   --->   "%tmp_11 = partselect i25 @_ssdm_op_PartSelect.i25.i32.i32.i32, i32 %add_ln229_1, i32 7, i32 31" [../c_sources/dwt_idwt_cdf_5_3.c:9->../c_sources/dwt_idwt_cdf_5_3.c:229]   --->   Operation 173 'partselect' 'tmp_11' <Predicate = true> <Delay = 0.00>
ST_1 : Operation 174 [1/1] (0.94ns)   --->   "%icmp_ln9_9 = icmp_sgt  i25 %tmp_11, i25 0" [../c_sources/dwt_idwt_cdf_5_3.c:9->../c_sources/dwt_idwt_cdf_5_3.c:229]   --->   Operation 174 'icmp' 'icmp_ln9_9' <Predicate = true> <Delay = 0.94> <CoreInst = "Cmp">   --->   Core 9 'Cmp' <Latency = 0> <II = 1> <Delay = 0.94> <FuncUnit> <Opcode : 'seteq' 'setne' 'setle' 'setge' 'setlt' 'setgt'> <InPorts = 2> <OutPorts = 1>
ST_1 : Operation 175 [1/1] (0.87ns)   --->   "%icmp_ln10_9 = icmp_slt  i32 %add_ln229_1, i32 4294967168" [../c_sources/dwt_idwt_cdf_5_3.c:10->../c_sources/dwt_idwt_cdf_5_3.c:229]   --->   Operation 175 'icmp' 'icmp_ln10_9' <Predicate = true> <Delay = 0.87> <CoreInst = "Cmp">   --->   Core 9 'Cmp' <Latency = 0> <II = 1> <Delay = 1.01> <FuncUnit> <Opcode : 'seteq' 'setne' 'setle' 'setge' 'setlt' 'setgt'> <InPorts = 2> <OutPorts = 1>
ST_1 : Operation 176 [1/1] (0.00ns) (grouped into LUT with out node select_ln9_19)   --->   "%trunc_ln11_9 = trunc i32 %add_ln229_1" [../c_sources/dwt_idwt_cdf_5_3.c:11->../c_sources/dwt_idwt_cdf_5_3.c:229]   --->   Operation 176 'trunc' 'trunc_ln11_9' <Predicate = (!or_ln9_9)> <Delay = 0.00>
ST_1 : Operation 177 [1/1] (0.00ns) (grouped into LUT with out node select_ln9_19)   --->   "%select_ln9_18 = select i1 %icmp_ln9_9, i8 127, i8 128" [../c_sources/dwt_idwt_cdf_5_3.c:9->../c_sources/dwt_idwt_cdf_5_3.c:229]   --->   Operation 177 'select' 'select_ln9_18' <Predicate = (or_ln9_9)> <Delay = 0.00> <CoreInst = "Sel">   --->   Core 73 'Sel' <Latency = 0> <II = 1> <Delay = 0.38> <FuncUnit> <Opcode : 'select'> <InPorts = 3> <OutPorts = 1>
ST_1 : Operation 178 [1/1] (0.00ns) (grouped into LUT with out node select_ln9_19)   --->   "%or_ln9_9 = or i1 %icmp_ln9_9, i1 %icmp_ln10_9" [../c_sources/dwt_idwt_cdf_5_3.c:9->../c_sources/dwt_idwt_cdf_5_3.c:229]   --->   Operation 178 'or' 'or_ln9_9' <Predicate = true> <Delay = 0.00> <CoreInst = "LogicGate">   --->   Core 74 'LogicGate' <Latency = 0> <II = 1> <Delay = 0.28> <FuncUnit> <Opcode : 'and' 'or' 'xor'> <InPorts = 2> <OutPorts = 1>
ST_1 : Operation 179 [1/1] (0.38ns) (out node of the LUT)   --->   "%select_ln9_19 = select i1 %or_ln9_9, i8 %select_ln9_18, i8 %trunc_ln11_9" [../c_sources/dwt_idwt_cdf_5_3.c:9->../c_sources/dwt_idwt_cdf_5_3.c:229]   --->   Operation 179 'select' 'select_ln9_19' <Predicate = true> <Delay = 0.38> <CoreInst = "Sel">   --->   Core 73 'Sel' <Latency = 0> <II = 1> <Delay = 0.38> <FuncUnit> <Opcode : 'select'> <InPorts = 3> <OutPorts = 1>
ST_1 : Operation 180 [1/1] (0.86ns)   --->   "%add_ln230 = add i18 %sext_ln189_11, i18 %sext_ln189_10" [../c_sources/dwt_idwt_cdf_5_3.c:230]   --->   Operation 180 'add' 'add_ln230' <Predicate = true> <Delay = 0.86> <CoreInst = "Adder">   --->   Core 1 'Adder' <Latency = 0> <II = 1> <Delay = 0.87> <FuncUnit> <Opcode : 'add' 'sub'> <InPorts = 2> <OutPorts = 1>
ST_1 : Operation 181 [1/1] (0.00ns)   --->   "%tmp_12 = partselect i17 @_ssdm_op_PartSelect.i17.i18.i32.i32, i18 %add_ln230, i32 1, i32 17" [../c_sources/dwt_idwt_cdf_5_3.c:230]   --->   Operation 181 'partselect' 'tmp_12' <Predicate = true> <Delay = 0.00>
ST_1 : Operation 182 [1/1] (0.00ns)   --->   "%sext_ln230 = sext i17 %tmp_12" [../c_sources/dwt_idwt_cdf_5_3.c:230]   --->   Operation 182 'sext' 'sext_ln230' <Predicate = true> <Delay = 0.00>
ST_1 : Operation 183 [1/1] (0.86ns)   --->   "%add_ln230_1 = add i32 %sext_ln230, i32 %sext_ln203" [../c_sources/dwt_idwt_cdf_5_3.c:230]   --->   Operation 183 'add' 'add_ln230_1' <Predicate = true> <Delay = 0.86> <CoreInst = "Adder">   --->   Core 1 'Adder' <Latency = 0> <II = 1> <Delay = 1.01> <FuncUnit> <Opcode : 'add' 'sub'> <InPorts = 2> <OutPorts = 1>
ST_1 : Operation 184 [1/1] (0.00ns)   --->   "%tmp_13 = partselect i25 @_ssdm_op_PartSelect.i25.i32.i32.i32, i32 %add_ln230_1, i32 7, i32 31" [../c_sources/dwt_idwt_cdf_5_3.c:9->../c_sources/dwt_idwt_cdf_5_3.c:230]   --->   Operation 184 'partselect' 'tmp_13' <Predicate = true> <Delay = 0.00>
ST_1 : Operation 185 [1/1] (0.94ns)   --->   "%icmp_ln9_10 = icmp_sgt  i25 %tmp_13, i25 0" [../c_sources/dwt_idwt_cdf_5_3.c:9->../c_sources/dwt_idwt_cdf_5_3.c:230]   --->   Operation 185 'icmp' 'icmp_ln9_10' <Predicate = true> <Delay = 0.94> <CoreInst = "Cmp">   --->   Core 9 'Cmp' <Latency = 0> <II = 1> <Delay = 0.94> <FuncUnit> <Opcode : 'seteq' 'setne' 'setle' 'setge' 'setlt' 'setgt'> <InPorts = 2> <OutPorts = 1>
ST_1 : Operation 186 [1/1] (0.87ns)   --->   "%icmp_ln10_10 = icmp_slt  i32 %add_ln230_1, i32 4294967168" [../c_sources/dwt_idwt_cdf_5_3.c:10->../c_sources/dwt_idwt_cdf_5_3.c:230]   --->   Operation 186 'icmp' 'icmp_ln10_10' <Predicate = true> <Delay = 0.87> <CoreInst = "Cmp">   --->   Core 9 'Cmp' <Latency = 0> <II = 1> <Delay = 1.01> <FuncUnit> <Opcode : 'seteq' 'setne' 'setle' 'setge' 'setlt' 'setgt'> <InPorts = 2> <OutPorts = 1>
ST_1 : Operation 187 [1/1] (0.00ns) (grouped into LUT with out node select_ln9_21)   --->   "%trunc_ln11_10 = trunc i32 %add_ln230_1" [../c_sources/dwt_idwt_cdf_5_3.c:11->../c_sources/dwt_idwt_cdf_5_3.c:230]   --->   Operation 187 'trunc' 'trunc_ln11_10' <Predicate = (!or_ln9_10)> <Delay = 0.00>
ST_1 : Operation 188 [1/1] (0.00ns) (grouped into LUT with out node select_ln9_21)   --->   "%select_ln9_20 = select i1 %icmp_ln9_10, i8 127, i8 128" [../c_sources/dwt_idwt_cdf_5_3.c:9->../c_sources/dwt_idwt_cdf_5_3.c:230]   --->   Operation 188 'select' 'select_ln9_20' <Predicate = (or_ln9_10)> <Delay = 0.00> <CoreInst = "Sel">   --->   Core 73 'Sel' <Latency = 0> <II = 1> <Delay = 0.38> <FuncUnit> <Opcode : 'select'> <InPorts = 3> <OutPorts = 1>
ST_1 : Operation 189 [1/1] (0.00ns) (grouped into LUT with out node select_ln9_21)   --->   "%or_ln9_10 = or i1 %icmp_ln9_10, i1 %icmp_ln10_10" [../c_sources/dwt_idwt_cdf_5_3.c:9->../c_sources/dwt_idwt_cdf_5_3.c:230]   --->   Operation 189 'or' 'or_ln9_10' <Predicate = true> <Delay = 0.00> <CoreInst = "LogicGate">   --->   Core 74 'LogicGate' <Latency = 0> <II = 1> <Delay = 0.28> <FuncUnit> <Opcode : 'and' 'or' 'xor'> <InPorts = 2> <OutPorts = 1>
ST_1 : Operation 190 [1/1] (0.38ns) (out node of the LUT)   --->   "%select_ln9_21 = select i1 %or_ln9_10, i8 %select_ln9_20, i8 %trunc_ln11_10" [../c_sources/dwt_idwt_cdf_5_3.c:9->../c_sources/dwt_idwt_cdf_5_3.c:230]   --->   Operation 190 'select' 'select_ln9_21' <Predicate = true> <Delay = 0.38> <CoreInst = "Sel">   --->   Core 73 'Sel' <Latency = 0> <II = 1> <Delay = 0.38> <FuncUnit> <Opcode : 'select'> <InPorts = 3> <OutPorts = 1>
ST_1 : Operation 191 [1/1] (0.86ns)   --->   "%add_ln231 = add i18 %sext_ln189_12, i18 %sext_ln189_11" [../c_sources/dwt_idwt_cdf_5_3.c:231]   --->   Operation 191 'add' 'add_ln231' <Predicate = true> <Delay = 0.86> <CoreInst = "Adder">   --->   Core 1 'Adder' <Latency = 0> <II = 1> <Delay = 0.87> <FuncUnit> <Opcode : 'add' 'sub'> <InPorts = 2> <OutPorts = 1>
ST_1 : Operation 192 [1/1] (0.00ns)   --->   "%tmp_14 = partselect i17 @_ssdm_op_PartSelect.i17.i18.i32.i32, i18 %add_ln231, i32 1, i32 17" [../c_sources/dwt_idwt_cdf_5_3.c:231]   --->   Operation 192 'partselect' 'tmp_14' <Predicate = true> <Delay = 0.00>
ST_1 : Operation 193 [1/1] (0.00ns)   --->   "%sext_ln231 = sext i17 %tmp_14" [../c_sources/dwt_idwt_cdf_5_3.c:231]   --->   Operation 193 'sext' 'sext_ln231' <Predicate = true> <Delay = 0.00>
ST_1 : Operation 194 [1/1] (0.86ns)   --->   "%add_ln231_1 = add i32 %sext_ln231, i32 %sext_ln204" [../c_sources/dwt_idwt_cdf_5_3.c:231]   --->   Operation 194 'add' 'add_ln231_1' <Predicate = true> <Delay = 0.86> <CoreInst = "Adder">   --->   Core 1 'Adder' <Latency = 0> <II = 1> <Delay = 1.01> <FuncUnit> <Opcode : 'add' 'sub'> <InPorts = 2> <OutPorts = 1>
ST_1 : Operation 195 [1/1] (0.00ns)   --->   "%tmp_15 = partselect i25 @_ssdm_op_PartSelect.i25.i32.i32.i32, i32 %add_ln231_1, i32 7, i32 31" [../c_sources/dwt_idwt_cdf_5_3.c:9->../c_sources/dwt_idwt_cdf_5_3.c:231]   --->   Operation 195 'partselect' 'tmp_15' <Predicate = true> <Delay = 0.00>
ST_1 : Operation 196 [1/1] (0.94ns)   --->   "%icmp_ln9_11 = icmp_sgt  i25 %tmp_15, i25 0" [../c_sources/dwt_idwt_cdf_5_3.c:9->../c_sources/dwt_idwt_cdf_5_3.c:231]   --->   Operation 196 'icmp' 'icmp_ln9_11' <Predicate = true> <Delay = 0.94> <CoreInst = "Cmp">   --->   Core 9 'Cmp' <Latency = 0> <II = 1> <Delay = 0.94> <FuncUnit> <Opcode : 'seteq' 'setne' 'setle' 'setge' 'setlt' 'setgt'> <InPorts = 2> <OutPorts = 1>
ST_1 : Operation 197 [1/1] (0.87ns)   --->   "%icmp_ln10_11 = icmp_slt  i32 %add_ln231_1, i32 4294967168" [../c_sources/dwt_idwt_cdf_5_3.c:10->../c_sources/dwt_idwt_cdf_5_3.c:231]   --->   Operation 197 'icmp' 'icmp_ln10_11' <Predicate = true> <Delay = 0.87> <CoreInst = "Cmp">   --->   Core 9 'Cmp' <Latency = 0> <II = 1> <Delay = 1.01> <FuncUnit> <Opcode : 'seteq' 'setne' 'setle' 'setge' 'setlt' 'setgt'> <InPorts = 2> <OutPorts = 1>
ST_1 : Operation 198 [1/1] (0.00ns) (grouped into LUT with out node select_ln9_23)   --->   "%trunc_ln11_11 = trunc i32 %add_ln231_1" [../c_sources/dwt_idwt_cdf_5_3.c:11->../c_sources/dwt_idwt_cdf_5_3.c:231]   --->   Operation 198 'trunc' 'trunc_ln11_11' <Predicate = (!or_ln9_11)> <Delay = 0.00>
ST_1 : Operation 199 [1/1] (0.00ns) (grouped into LUT with out node select_ln9_23)   --->   "%select_ln9_22 = select i1 %icmp_ln9_11, i8 127, i8 128" [../c_sources/dwt_idwt_cdf_5_3.c:9->../c_sources/dwt_idwt_cdf_5_3.c:231]   --->   Operation 199 'select' 'select_ln9_22' <Predicate = (or_ln9_11)> <Delay = 0.00> <CoreInst = "Sel">   --->   Core 73 'Sel' <Latency = 0> <II = 1> <Delay = 0.38> <FuncUnit> <Opcode : 'select'> <InPorts = 3> <OutPorts = 1>
ST_1 : Operation 200 [1/1] (0.00ns) (grouped into LUT with out node select_ln9_23)   --->   "%or_ln9_11 = or i1 %icmp_ln9_11, i1 %icmp_ln10_11" [../c_sources/dwt_idwt_cdf_5_3.c:9->../c_sources/dwt_idwt_cdf_5_3.c:231]   --->   Operation 200 'or' 'or_ln9_11' <Predicate = true> <Delay = 0.00> <CoreInst = "LogicGate">   --->   Core 74 'LogicGate' <Latency = 0> <II = 1> <Delay = 0.28> <FuncUnit> <Opcode : 'and' 'or' 'xor'> <InPorts = 2> <OutPorts = 1>
ST_1 : Operation 201 [1/1] (0.38ns) (out node of the LUT)   --->   "%select_ln9_23 = select i1 %or_ln9_11, i8 %select_ln9_22, i8 %trunc_ln11_11" [../c_sources/dwt_idwt_cdf_5_3.c:9->../c_sources/dwt_idwt_cdf_5_3.c:231]   --->   Operation 201 'select' 'select_ln9_23' <Predicate = true> <Delay = 0.38> <CoreInst = "Sel">   --->   Core 73 'Sel' <Latency = 0> <II = 1> <Delay = 0.38> <FuncUnit> <Opcode : 'select'> <InPorts = 3> <OutPorts = 1>
ST_1 : Operation 202 [1/1] (0.86ns)   --->   "%add_ln232 = add i18 %sext_ln189_13, i18 %sext_ln189_12" [../c_sources/dwt_idwt_cdf_5_3.c:232]   --->   Operation 202 'add' 'add_ln232' <Predicate = true> <Delay = 0.86> <CoreInst = "Adder">   --->   Core 1 'Adder' <Latency = 0> <II = 1> <Delay = 0.87> <FuncUnit> <Opcode : 'add' 'sub'> <InPorts = 2> <OutPorts = 1>
ST_1 : Operation 203 [1/1] (0.00ns)   --->   "%tmp_16 = partselect i17 @_ssdm_op_PartSelect.i17.i18.i32.i32, i18 %add_ln232, i32 1, i32 17" [../c_sources/dwt_idwt_cdf_5_3.c:232]   --->   Operation 203 'partselect' 'tmp_16' <Predicate = true> <Delay = 0.00>
ST_1 : Operation 204 [1/1] (0.00ns)   --->   "%sext_ln232 = sext i17 %tmp_16" [../c_sources/dwt_idwt_cdf_5_3.c:232]   --->   Operation 204 'sext' 'sext_ln232' <Predicate = true> <Delay = 0.00>
ST_1 : Operation 205 [1/1] (0.86ns)   --->   "%add_ln232_1 = add i32 %sext_ln232, i32 %sext_ln205" [../c_sources/dwt_idwt_cdf_5_3.c:232]   --->   Operation 205 'add' 'add_ln232_1' <Predicate = true> <Delay = 0.86> <CoreInst = "Adder">   --->   Core 1 'Adder' <Latency = 0> <II = 1> <Delay = 1.01> <FuncUnit> <Opcode : 'add' 'sub'> <InPorts = 2> <OutPorts = 1>
ST_1 : Operation 206 [1/1] (0.00ns)   --->   "%tmp_17 = partselect i25 @_ssdm_op_PartSelect.i25.i32.i32.i32, i32 %add_ln232_1, i32 7, i32 31" [../c_sources/dwt_idwt_cdf_5_3.c:9->../c_sources/dwt_idwt_cdf_5_3.c:232]   --->   Operation 206 'partselect' 'tmp_17' <Predicate = true> <Delay = 0.00>
ST_1 : Operation 207 [1/1] (0.94ns)   --->   "%icmp_ln9_12 = icmp_sgt  i25 %tmp_17, i25 0" [../c_sources/dwt_idwt_cdf_5_3.c:9->../c_sources/dwt_idwt_cdf_5_3.c:232]   --->   Operation 207 'icmp' 'icmp_ln9_12' <Predicate = true> <Delay = 0.94> <CoreInst = "Cmp">   --->   Core 9 'Cmp' <Latency = 0> <II = 1> <Delay = 0.94> <FuncUnit> <Opcode : 'seteq' 'setne' 'setle' 'setge' 'setlt' 'setgt'> <InPorts = 2> <OutPorts = 1>
ST_1 : Operation 208 [1/1] (0.87ns)   --->   "%icmp_ln10_12 = icmp_slt  i32 %add_ln232_1, i32 4294967168" [../c_sources/dwt_idwt_cdf_5_3.c:10->../c_sources/dwt_idwt_cdf_5_3.c:232]   --->   Operation 208 'icmp' 'icmp_ln10_12' <Predicate = true> <Delay = 0.87> <CoreInst = "Cmp">   --->   Core 9 'Cmp' <Latency = 0> <II = 1> <Delay = 1.01> <FuncUnit> <Opcode : 'seteq' 'setne' 'setle' 'setge' 'setlt' 'setgt'> <InPorts = 2> <OutPorts = 1>
ST_1 : Operation 209 [1/1] (0.00ns) (grouped into LUT with out node select_ln9_25)   --->   "%trunc_ln11_12 = trunc i32 %add_ln232_1" [../c_sources/dwt_idwt_cdf_5_3.c:11->../c_sources/dwt_idwt_cdf_5_3.c:232]   --->   Operation 209 'trunc' 'trunc_ln11_12' <Predicate = (!or_ln9_12)> <Delay = 0.00>
ST_1 : Operation 210 [1/1] (0.00ns) (grouped into LUT with out node select_ln9_25)   --->   "%select_ln9_24 = select i1 %icmp_ln9_12, i8 127, i8 128" [../c_sources/dwt_idwt_cdf_5_3.c:9->../c_sources/dwt_idwt_cdf_5_3.c:232]   --->   Operation 210 'select' 'select_ln9_24' <Predicate = (or_ln9_12)> <Delay = 0.00> <CoreInst = "Sel">   --->   Core 73 'Sel' <Latency = 0> <II = 1> <Delay = 0.38> <FuncUnit> <Opcode : 'select'> <InPorts = 3> <OutPorts = 1>
ST_1 : Operation 211 [1/1] (0.00ns) (grouped into LUT with out node select_ln9_25)   --->   "%or_ln9_12 = or i1 %icmp_ln9_12, i1 %icmp_ln10_12" [../c_sources/dwt_idwt_cdf_5_3.c:9->../c_sources/dwt_idwt_cdf_5_3.c:232]   --->   Operation 211 'or' 'or_ln9_12' <Predicate = true> <Delay = 0.00> <CoreInst = "LogicGate">   --->   Core 74 'LogicGate' <Latency = 0> <II = 1> <Delay = 0.28> <FuncUnit> <Opcode : 'and' 'or' 'xor'> <InPorts = 2> <OutPorts = 1>
ST_1 : Operation 212 [1/1] (0.38ns) (out node of the LUT)   --->   "%select_ln9_25 = select i1 %or_ln9_12, i8 %select_ln9_24, i8 %trunc_ln11_12" [../c_sources/dwt_idwt_cdf_5_3.c:9->../c_sources/dwt_idwt_cdf_5_3.c:232]   --->   Operation 212 'select' 'select_ln9_25' <Predicate = true> <Delay = 0.38> <CoreInst = "Sel">   --->   Core 73 'Sel' <Latency = 0> <II = 1> <Delay = 0.38> <FuncUnit> <Opcode : 'select'> <InPorts = 3> <OutPorts = 1>
ST_1 : Operation 213 [1/1] (0.86ns)   --->   "%add_ln233 = add i18 %sext_ln189_14, i18 %sext_ln189_13" [../c_sources/dwt_idwt_cdf_5_3.c:233]   --->   Operation 213 'add' 'add_ln233' <Predicate = true> <Delay = 0.86> <CoreInst = "Adder">   --->   Core 1 'Adder' <Latency = 0> <II = 1> <Delay = 0.87> <FuncUnit> <Opcode : 'add' 'sub'> <InPorts = 2> <OutPorts = 1>
ST_1 : Operation 214 [1/1] (0.00ns)   --->   "%tmp_18 = partselect i17 @_ssdm_op_PartSelect.i17.i18.i32.i32, i18 %add_ln233, i32 1, i32 17" [../c_sources/dwt_idwt_cdf_5_3.c:233]   --->   Operation 214 'partselect' 'tmp_18' <Predicate = true> <Delay = 0.00>
ST_1 : Operation 215 [1/1] (0.00ns)   --->   "%sext_ln233 = sext i17 %tmp_18" [../c_sources/dwt_idwt_cdf_5_3.c:233]   --->   Operation 215 'sext' 'sext_ln233' <Predicate = true> <Delay = 0.00>
ST_1 : Operation 216 [1/1] (0.86ns)   --->   "%add_ln233_1 = add i32 %sext_ln233, i32 %sext_ln206" [../c_sources/dwt_idwt_cdf_5_3.c:233]   --->   Operation 216 'add' 'add_ln233_1' <Predicate = true> <Delay = 0.86> <CoreInst = "Adder">   --->   Core 1 'Adder' <Latency = 0> <II = 1> <Delay = 1.01> <FuncUnit> <Opcode : 'add' 'sub'> <InPorts = 2> <OutPorts = 1>
ST_1 : Operation 217 [1/1] (0.00ns)   --->   "%tmp_19 = partselect i25 @_ssdm_op_PartSelect.i25.i32.i32.i32, i32 %add_ln233_1, i32 7, i32 31" [../c_sources/dwt_idwt_cdf_5_3.c:9->../c_sources/dwt_idwt_cdf_5_3.c:233]   --->   Operation 217 'partselect' 'tmp_19' <Predicate = true> <Delay = 0.00>
ST_1 : Operation 218 [1/1] (0.94ns)   --->   "%icmp_ln9_13 = icmp_sgt  i25 %tmp_19, i25 0" [../c_sources/dwt_idwt_cdf_5_3.c:9->../c_sources/dwt_idwt_cdf_5_3.c:233]   --->   Operation 218 'icmp' 'icmp_ln9_13' <Predicate = true> <Delay = 0.94> <CoreInst = "Cmp">   --->   Core 9 'Cmp' <Latency = 0> <II = 1> <Delay = 0.94> <FuncUnit> <Opcode : 'seteq' 'setne' 'setle' 'setge' 'setlt' 'setgt'> <InPorts = 2> <OutPorts = 1>
ST_1 : Operation 219 [1/1] (0.87ns)   --->   "%icmp_ln10_13 = icmp_slt  i32 %add_ln233_1, i32 4294967168" [../c_sources/dwt_idwt_cdf_5_3.c:10->../c_sources/dwt_idwt_cdf_5_3.c:233]   --->   Operation 219 'icmp' 'icmp_ln10_13' <Predicate = true> <Delay = 0.87> <CoreInst = "Cmp">   --->   Core 9 'Cmp' <Latency = 0> <II = 1> <Delay = 1.01> <FuncUnit> <Opcode : 'seteq' 'setne' 'setle' 'setge' 'setlt' 'setgt'> <InPorts = 2> <OutPorts = 1>
ST_1 : Operation 220 [1/1] (0.00ns) (grouped into LUT with out node select_ln9_27)   --->   "%trunc_ln11_13 = trunc i32 %add_ln233_1" [../c_sources/dwt_idwt_cdf_5_3.c:11->../c_sources/dwt_idwt_cdf_5_3.c:233]   --->   Operation 220 'trunc' 'trunc_ln11_13' <Predicate = (!or_ln9_13)> <Delay = 0.00>
ST_1 : Operation 221 [1/1] (0.00ns) (grouped into LUT with out node select_ln9_27)   --->   "%select_ln9_26 = select i1 %icmp_ln9_13, i8 127, i8 128" [../c_sources/dwt_idwt_cdf_5_3.c:9->../c_sources/dwt_idwt_cdf_5_3.c:233]   --->   Operation 221 'select' 'select_ln9_26' <Predicate = (or_ln9_13)> <Delay = 0.00> <CoreInst = "Sel">   --->   Core 73 'Sel' <Latency = 0> <II = 1> <Delay = 0.38> <FuncUnit> <Opcode : 'select'> <InPorts = 3> <OutPorts = 1>
ST_1 : Operation 222 [1/1] (0.00ns) (grouped into LUT with out node select_ln9_27)   --->   "%or_ln9_13 = or i1 %icmp_ln9_13, i1 %icmp_ln10_13" [../c_sources/dwt_idwt_cdf_5_3.c:9->../c_sources/dwt_idwt_cdf_5_3.c:233]   --->   Operation 222 'or' 'or_ln9_13' <Predicate = true> <Delay = 0.00> <CoreInst = "LogicGate">   --->   Core 74 'LogicGate' <Latency = 0> <II = 1> <Delay = 0.28> <FuncUnit> <Opcode : 'and' 'or' 'xor'> <InPorts = 2> <OutPorts = 1>
ST_1 : Operation 223 [1/1] (0.38ns) (out node of the LUT)   --->   "%select_ln9_27 = select i1 %or_ln9_13, i8 %select_ln9_26, i8 %trunc_ln11_13" [../c_sources/dwt_idwt_cdf_5_3.c:9->../c_sources/dwt_idwt_cdf_5_3.c:233]   --->   Operation 223 'select' 'select_ln9_27' <Predicate = true> <Delay = 0.38> <CoreInst = "Sel">   --->   Core 73 'Sel' <Latency = 0> <II = 1> <Delay = 0.38> <FuncUnit> <Opcode : 'select'> <InPorts = 3> <OutPorts = 1>
ST_1 : Operation 224 [1/1] (0.86ns)   --->   "%add_ln234 = add i18 %sext_ln189_15, i18 %sext_ln189_14" [../c_sources/dwt_idwt_cdf_5_3.c:234]   --->   Operation 224 'add' 'add_ln234' <Predicate = true> <Delay = 0.86> <CoreInst = "Adder">   --->   Core 1 'Adder' <Latency = 0> <II = 1> <Delay = 0.87> <FuncUnit> <Opcode : 'add' 'sub'> <InPorts = 2> <OutPorts = 1>
ST_1 : Operation 225 [1/1] (0.00ns)   --->   "%tmp_20 = partselect i17 @_ssdm_op_PartSelect.i17.i18.i32.i32, i18 %add_ln234, i32 1, i32 17" [../c_sources/dwt_idwt_cdf_5_3.c:234]   --->   Operation 225 'partselect' 'tmp_20' <Predicate = true> <Delay = 0.00>
ST_1 : Operation 226 [1/1] (0.00ns)   --->   "%sext_ln234 = sext i17 %tmp_20" [../c_sources/dwt_idwt_cdf_5_3.c:234]   --->   Operation 226 'sext' 'sext_ln234' <Predicate = true> <Delay = 0.00>
ST_1 : Operation 227 [1/1] (0.86ns)   --->   "%add_ln234_1 = add i32 %sext_ln234, i32 %sext_ln207" [../c_sources/dwt_idwt_cdf_5_3.c:234]   --->   Operation 227 'add' 'add_ln234_1' <Predicate = true> <Delay = 0.86> <CoreInst = "Adder">   --->   Core 1 'Adder' <Latency = 0> <II = 1> <Delay = 1.01> <FuncUnit> <Opcode : 'add' 'sub'> <InPorts = 2> <OutPorts = 1>
ST_1 : Operation 228 [1/1] (0.00ns)   --->   "%tmp_21 = partselect i25 @_ssdm_op_PartSelect.i25.i32.i32.i32, i32 %add_ln234_1, i32 7, i32 31" [../c_sources/dwt_idwt_cdf_5_3.c:9->../c_sources/dwt_idwt_cdf_5_3.c:234]   --->   Operation 228 'partselect' 'tmp_21' <Predicate = true> <Delay = 0.00>
ST_1 : Operation 229 [1/1] (0.94ns)   --->   "%icmp_ln9_14 = icmp_sgt  i25 %tmp_21, i25 0" [../c_sources/dwt_idwt_cdf_5_3.c:9->../c_sources/dwt_idwt_cdf_5_3.c:234]   --->   Operation 229 'icmp' 'icmp_ln9_14' <Predicate = true> <Delay = 0.94> <CoreInst = "Cmp">   --->   Core 9 'Cmp' <Latency = 0> <II = 1> <Delay = 0.94> <FuncUnit> <Opcode : 'seteq' 'setne' 'setle' 'setge' 'setlt' 'setgt'> <InPorts = 2> <OutPorts = 1>
ST_1 : Operation 230 [1/1] (0.87ns)   --->   "%icmp_ln10_14 = icmp_slt  i32 %add_ln234_1, i32 4294967168" [../c_sources/dwt_idwt_cdf_5_3.c:10->../c_sources/dwt_idwt_cdf_5_3.c:234]   --->   Operation 230 'icmp' 'icmp_ln10_14' <Predicate = true> <Delay = 0.87> <CoreInst = "Cmp">   --->   Core 9 'Cmp' <Latency = 0> <II = 1> <Delay = 1.01> <FuncUnit> <Opcode : 'seteq' 'setne' 'setle' 'setge' 'setlt' 'setgt'> <InPorts = 2> <OutPorts = 1>
ST_1 : Operation 231 [1/1] (0.00ns) (grouped into LUT with out node select_ln9_29)   --->   "%trunc_ln11_14 = trunc i32 %add_ln234_1" [../c_sources/dwt_idwt_cdf_5_3.c:11->../c_sources/dwt_idwt_cdf_5_3.c:234]   --->   Operation 231 'trunc' 'trunc_ln11_14' <Predicate = (!or_ln9_14)> <Delay = 0.00>
ST_1 : Operation 232 [1/1] (0.00ns) (grouped into LUT with out node select_ln9_29)   --->   "%select_ln9_28 = select i1 %icmp_ln9_14, i8 127, i8 128" [../c_sources/dwt_idwt_cdf_5_3.c:9->../c_sources/dwt_idwt_cdf_5_3.c:234]   --->   Operation 232 'select' 'select_ln9_28' <Predicate = (or_ln9_14)> <Delay = 0.00> <CoreInst = "Sel">   --->   Core 73 'Sel' <Latency = 0> <II = 1> <Delay = 0.38> <FuncUnit> <Opcode : 'select'> <InPorts = 3> <OutPorts = 1>
ST_1 : Operation 233 [1/1] (0.00ns) (grouped into LUT with out node select_ln9_29)   --->   "%or_ln9_14 = or i1 %icmp_ln9_14, i1 %icmp_ln10_14" [../c_sources/dwt_idwt_cdf_5_3.c:9->../c_sources/dwt_idwt_cdf_5_3.c:234]   --->   Operation 233 'or' 'or_ln9_14' <Predicate = true> <Delay = 0.00> <CoreInst = "LogicGate">   --->   Core 74 'LogicGate' <Latency = 0> <II = 1> <Delay = 0.28> <FuncUnit> <Opcode : 'and' 'or' 'xor'> <InPorts = 2> <OutPorts = 1>
ST_1 : Operation 234 [1/1] (0.38ns) (out node of the LUT)   --->   "%select_ln9_29 = select i1 %or_ln9_14, i8 %select_ln9_28, i8 %trunc_ln11_14" [../c_sources/dwt_idwt_cdf_5_3.c:9->../c_sources/dwt_idwt_cdf_5_3.c:234]   --->   Operation 234 'select' 'select_ln9_29' <Predicate = true> <Delay = 0.38> <CoreInst = "Sel">   --->   Core 73 'Sel' <Latency = 0> <II = 1> <Delay = 0.38> <FuncUnit> <Opcode : 'select'> <InPorts = 3> <OutPorts = 1>
ST_1 : Operation 235 [1/1] (0.86ns)   --->   "%add_ln235 = add i18 %sext_ln189_15, i18 %sext_ln189_8" [../c_sources/dwt_idwt_cdf_5_3.c:235]   --->   Operation 235 'add' 'add_ln235' <Predicate = true> <Delay = 0.86> <CoreInst = "Adder">   --->   Core 1 'Adder' <Latency = 0> <II = 1> <Delay = 0.87> <FuncUnit> <Opcode : 'add' 'sub'> <InPorts = 2> <OutPorts = 1>
ST_1 : Operation 236 [1/1] (0.00ns)   --->   "%tmp_22 = partselect i17 @_ssdm_op_PartSelect.i17.i18.i32.i32, i18 %add_ln235, i32 1, i32 17" [../c_sources/dwt_idwt_cdf_5_3.c:235]   --->   Operation 236 'partselect' 'tmp_22' <Predicate = true> <Delay = 0.00>
ST_1 : Operation 237 [1/1] (0.00ns)   --->   "%sext_ln235 = sext i17 %tmp_22" [../c_sources/dwt_idwt_cdf_5_3.c:235]   --->   Operation 237 'sext' 'sext_ln235' <Predicate = true> <Delay = 0.00>
ST_1 : Operation 238 [1/1] (0.86ns)   --->   "%add_ln235_1 = add i32 %sext_ln235, i32 %sext_ln208" [../c_sources/dwt_idwt_cdf_5_3.c:235]   --->   Operation 238 'add' 'add_ln235_1' <Predicate = true> <Delay = 0.86> <CoreInst = "Adder">   --->   Core 1 'Adder' <Latency = 0> <II = 1> <Delay = 1.01> <FuncUnit> <Opcode : 'add' 'sub'> <InPorts = 2> <OutPorts = 1>
ST_1 : Operation 239 [1/1] (0.00ns)   --->   "%tmp_23 = partselect i25 @_ssdm_op_PartSelect.i25.i32.i32.i32, i32 %add_ln235_1, i32 7, i32 31" [../c_sources/dwt_idwt_cdf_5_3.c:9->../c_sources/dwt_idwt_cdf_5_3.c:235]   --->   Operation 239 'partselect' 'tmp_23' <Predicate = true> <Delay = 0.00>
ST_1 : Operation 240 [1/1] (0.94ns)   --->   "%icmp_ln9_15 = icmp_sgt  i25 %tmp_23, i25 0" [../c_sources/dwt_idwt_cdf_5_3.c:9->../c_sources/dwt_idwt_cdf_5_3.c:235]   --->   Operation 240 'icmp' 'icmp_ln9_15' <Predicate = true> <Delay = 0.94> <CoreInst = "Cmp">   --->   Core 9 'Cmp' <Latency = 0> <II = 1> <Delay = 0.94> <FuncUnit> <Opcode : 'seteq' 'setne' 'setle' 'setge' 'setlt' 'setgt'> <InPorts = 2> <OutPorts = 1>
ST_1 : Operation 241 [1/1] (0.87ns)   --->   "%icmp_ln10_15 = icmp_slt  i32 %add_ln235_1, i32 4294967168" [../c_sources/dwt_idwt_cdf_5_3.c:10->../c_sources/dwt_idwt_cdf_5_3.c:235]   --->   Operation 241 'icmp' 'icmp_ln10_15' <Predicate = true> <Delay = 0.87> <CoreInst = "Cmp">   --->   Core 9 'Cmp' <Latency = 0> <II = 1> <Delay = 1.01> <FuncUnit> <Opcode : 'seteq' 'setne' 'setle' 'setge' 'setlt' 'setgt'> <InPorts = 2> <OutPorts = 1>
ST_1 : Operation 242 [1/1] (0.00ns) (grouped into LUT with out node select_ln9_31)   --->   "%trunc_ln11_15 = trunc i32 %add_ln235_1" [../c_sources/dwt_idwt_cdf_5_3.c:11->../c_sources/dwt_idwt_cdf_5_3.c:235]   --->   Operation 242 'trunc' 'trunc_ln11_15' <Predicate = (!or_ln9_15)> <Delay = 0.00>
ST_1 : Operation 243 [1/1] (0.00ns) (grouped into LUT with out node select_ln9_31)   --->   "%select_ln9_30 = select i1 %icmp_ln9_15, i8 127, i8 128" [../c_sources/dwt_idwt_cdf_5_3.c:9->../c_sources/dwt_idwt_cdf_5_3.c:235]   --->   Operation 243 'select' 'select_ln9_30' <Predicate = (or_ln9_15)> <Delay = 0.00> <CoreInst = "Sel">   --->   Core 73 'Sel' <Latency = 0> <II = 1> <Delay = 0.38> <FuncUnit> <Opcode : 'select'> <InPorts = 3> <OutPorts = 1>
ST_1 : Operation 244 [1/1] (0.00ns) (grouped into LUT with out node select_ln9_31)   --->   "%or_ln9_15 = or i1 %icmp_ln9_15, i1 %icmp_ln10_15" [../c_sources/dwt_idwt_cdf_5_3.c:9->../c_sources/dwt_idwt_cdf_5_3.c:235]   --->   Operation 244 'or' 'or_ln9_15' <Predicate = true> <Delay = 0.00> <CoreInst = "LogicGate">   --->   Core 74 'LogicGate' <Latency = 0> <II = 1> <Delay = 0.28> <FuncUnit> <Opcode : 'and' 'or' 'xor'> <InPorts = 2> <OutPorts = 1>
ST_1 : Operation 245 [1/1] (0.38ns) (out node of the LUT)   --->   "%select_ln9_31 = select i1 %or_ln9_15, i8 %select_ln9_30, i8 %trunc_ln11_15" [../c_sources/dwt_idwt_cdf_5_3.c:9->../c_sources/dwt_idwt_cdf_5_3.c:235]   --->   Operation 245 'select' 'select_ln9_31' <Predicate = true> <Delay = 0.38> <CoreInst = "Sel">   --->   Core 73 'Sel' <Latency = 0> <II = 1> <Delay = 0.38> <FuncUnit> <Opcode : 'select'> <InPorts = 3> <OutPorts = 1>
ST_1 : Operation 246 [1/1] (0.00ns)   --->   "%mrv = insertvalue i128 <undef>, i8 %select_ln9_1" [../c_sources/dwt_idwt_cdf_5_3.c:236]   --->   Operation 246 'insertvalue' 'mrv' <Predicate = true> <Delay = 0.00>
ST_1 : Operation 247 [1/1] (0.00ns)   --->   "%mrv_1 = insertvalue i128 %mrv, i8 %select_ln9_17" [../c_sources/dwt_idwt_cdf_5_3.c:236]   --->   Operation 247 'insertvalue' 'mrv_1' <Predicate = true> <Delay = 0.00>
ST_1 : Operation 248 [1/1] (0.00ns)   --->   "%mrv_2 = insertvalue i128 %mrv_1, i8 %select_ln9_3" [../c_sources/dwt_idwt_cdf_5_3.c:236]   --->   Operation 248 'insertvalue' 'mrv_2' <Predicate = true> <Delay = 0.00>
ST_1 : Operation 249 [1/1] (0.00ns)   --->   "%mrv_3 = insertvalue i128 %mrv_2, i8 %select_ln9_19" [../c_sources/dwt_idwt_cdf_5_3.c:236]   --->   Operation 249 'insertvalue' 'mrv_3' <Predicate = true> <Delay = 0.00>
ST_1 : Operation 250 [1/1] (0.00ns)   --->   "%mrv_4 = insertvalue i128 %mrv_3, i8 %select_ln9_5" [../c_sources/dwt_idwt_cdf_5_3.c:236]   --->   Operation 250 'insertvalue' 'mrv_4' <Predicate = true> <Delay = 0.00>
ST_1 : Operation 251 [1/1] (0.00ns)   --->   "%mrv_5 = insertvalue i128 %mrv_4, i8 %select_ln9_21" [../c_sources/dwt_idwt_cdf_5_3.c:236]   --->   Operation 251 'insertvalue' 'mrv_5' <Predicate = true> <Delay = 0.00>
ST_1 : Operation 252 [1/1] (0.00ns)   --->   "%mrv_6 = insertvalue i128 %mrv_5, i8 %select_ln9_7" [../c_sources/dwt_idwt_cdf_5_3.c:236]   --->   Operation 252 'insertvalue' 'mrv_6' <Predicate = true> <Delay = 0.00>
ST_1 : Operation 253 [1/1] (0.00ns)   --->   "%mrv_7 = insertvalue i128 %mrv_6, i8 %select_ln9_23" [../c_sources/dwt_idwt_cdf_5_3.c:236]   --->   Operation 253 'insertvalue' 'mrv_7' <Predicate = true> <Delay = 0.00>
ST_1 : Operation 254 [1/1] (0.00ns)   --->   "%mrv_8 = insertvalue i128 %mrv_7, i8 %select_ln9_9" [../c_sources/dwt_idwt_cdf_5_3.c:236]   --->   Operation 254 'insertvalue' 'mrv_8' <Predicate = true> <Delay = 0.00>
ST_1 : Operation 255 [1/1] (0.00ns)   --->   "%mrv_9 = insertvalue i128 %mrv_8, i8 %select_ln9_25" [../c_sources/dwt_idwt_cdf_5_3.c:236]   --->   Operation 255 'insertvalue' 'mrv_9' <Predicate = true> <Delay = 0.00>
ST_1 : Operation 256 [1/1] (0.00ns)   --->   "%mrv_s = insertvalue i128 %mrv_9, i8 %select_ln9_11" [../c_sources/dwt_idwt_cdf_5_3.c:236]   --->   Operation 256 'insertvalue' 'mrv_s' <Predicate = true> <Delay = 0.00>
ST_1 : Operation 257 [1/1] (0.00ns)   --->   "%mrv_10 = insertvalue i128 %mrv_s, i8 %select_ln9_27" [../c_sources/dwt_idwt_cdf_5_3.c:236]   --->   Operation 257 'insertvalue' 'mrv_10' <Predicate = true> <Delay = 0.00>
ST_1 : Operation 258 [1/1] (0.00ns)   --->   "%mrv_11 = insertvalue i128 %mrv_10, i8 %select_ln9_13" [../c_sources/dwt_idwt_cdf_5_3.c:236]   --->   Operation 258 'insertvalue' 'mrv_11' <Predicate = true> <Delay = 0.00>
ST_1 : Operation 259 [1/1] (0.00ns)   --->   "%mrv_12 = insertvalue i128 %mrv_11, i8 %select_ln9_29" [../c_sources/dwt_idwt_cdf_5_3.c:236]   --->   Operation 259 'insertvalue' 'mrv_12' <Predicate = true> <Delay = 0.00>
ST_1 : Operation 260 [1/1] (0.00ns)   --->   "%mrv_13 = insertvalue i128 %mrv_12, i8 %select_ln9_15" [../c_sources/dwt_idwt_cdf_5_3.c:236]   --->   Operation 260 'insertvalue' 'mrv_13' <Predicate = true> <Delay = 0.00>
ST_1 : Operation 261 [1/1] (0.00ns)   --->   "%mrv_14 = insertvalue i128 %mrv_13, i8 %select_ln9_31" [../c_sources/dwt_idwt_cdf_5_3.c:236]   --->   Operation 261 'insertvalue' 'mrv_14' <Predicate = true> <Delay = 0.00>
ST_1 : Operation 262 [1/1] (0.00ns)   --->   "%ret_ln236 = ret i128 %mrv_14" [../c_sources/dwt_idwt_cdf_5_3.c:236]   --->   Operation 262 'ret' 'ret_ln236' <Predicate = true> <Delay = 0.00>


============================================================
+ Verbose Summary: Binding
============================================================
STG Binding: 
---------------- STG Properties BEGIN ----------------
- Is combinational: 1
- Is one-state seq: 0
- Is datapath-only: 0
- Is pipelined: 0
- Is top level: 0
Port [ Return ] is wired: 1; IO mode=ap_ctrl_hs:ce=0
Port [ low_read]:  wired=1; compound=0; hidden=0; nouse=0; global=0; static=0; extern=0; dir=0; type=0; pingpong=0; private_global=0; IO mode=ap_none:ce=0
Port [ low_read_23]:  wired=1; compound=0; hidden=0; nouse=0; global=0; static=0; extern=0; dir=0; type=0; pingpong=0; private_global=0; IO mode=ap_none:ce=0
Port [ low_read_24]:  wired=1; compound=0; hidden=0; nouse=0; global=0; static=0; extern=0; dir=0; type=0; pingpong=0; private_global=0; IO mode=ap_none:ce=0
Port [ low_read_25]:  wired=1; compound=0; hidden=0; nouse=0; global=0; static=0; extern=0; dir=0; type=0; pingpong=0; private_global=0; IO mode=ap_none:ce=0
Port [ low_read_26]:  wired=1; compound=0; hidden=0; nouse=0; global=0; static=0; extern=0; dir=0; type=0; pingpong=0; private_global=0; IO mode=ap_none:ce=0
Port [ low_read_27]:  wired=1; compound=0; hidden=0; nouse=0; global=0; static=0; extern=0; dir=0; type=0; pingpong=0; private_global=0; IO mode=ap_none:ce=0
Port [ low_read_28]:  wired=1; compound=0; hidden=0; nouse=0; global=0; static=0; extern=0; dir=0; type=0; pingpong=0; private_global=0; IO mode=ap_none:ce=0
Port [ low_read_29]:  wired=1; compound=0; hidden=0; nouse=0; global=0; static=0; extern=0; dir=0; type=0; pingpong=0; private_global=0; IO mode=ap_none:ce=0
Port [ high_read]:  wired=1; compound=0; hidden=0; nouse=0; global=0; static=0; extern=0; dir=0; type=0; pingpong=0; private_global=0; IO mode=ap_none:ce=0
Port [ high_read_23]:  wired=1; compound=0; hidden=0; nouse=0; global=0; static=0; extern=0; dir=0; type=0; pingpong=0; private_global=0; IO mode=ap_none:ce=0
Port [ high_read_24]:  wired=1; compound=0; hidden=0; nouse=0; global=0; static=0; extern=0; dir=0; type=0; pingpong=0; private_global=0; IO mode=ap_none:ce=0
Port [ high_read_25]:  wired=1; compound=0; hidden=0; nouse=0; global=0; static=0; extern=0; dir=0; type=0; pingpong=0; private_global=0; IO mode=ap_none:ce=0
Port [ high_read_26]:  wired=1; compound=0; hidden=0; nouse=0; global=0; static=0; extern=0; dir=0; type=0; pingpong=0; private_global=0; IO mode=ap_none:ce=0
Port [ high_read_27]:  wired=1; compound=0; hidden=0; nouse=0; global=0; static=0; extern=0; dir=0; type=0; pingpong=0; private_global=0; IO mode=ap_none:ce=0
Port [ high_read_28]:  wired=1; compound=0; hidden=0; nouse=0; global=0; static=0; extern=0; dir=0; type=0; pingpong=0; private_global=0; IO mode=ap_none:ce=0
Port [ high_read_29]:  wired=1; compound=0; hidden=0; nouse=0; global=0; static=0; extern=0; dir=0; type=0; pingpong=0; private_global=0; IO mode=ap_none:ce=0
---------------- STG Properties END ------------------

---------------- Datapath Model BEGIN ----------------

<LifeTime>
<method=bitvector/>
high_read_1   (read       ) [ 00]
high_read_2   (read       ) [ 00]
high_read_3   (read       ) [ 00]
high_read_4   (read       ) [ 00]
high_read_5   (read       ) [ 00]
high_read_6   (read       ) [ 00]
high_read_7   (read       ) [ 00]
high_read_15  (read       ) [ 00]
low_read_1    (read       ) [ 00]
low_read_2    (read       ) [ 00]
low_read_3    (read       ) [ 00]
low_read_4    (read       ) [ 00]
low_read_5    (read       ) [ 00]
low_read_6    (read       ) [ 00]
low_read_7    (read       ) [ 00]
low_read_15   (read       ) [ 00]
sext_ln189    (sext       ) [ 00]
sext_ln189_1  (sext       ) [ 00]
sext_ln189_2  (sext       ) [ 00]
sext_ln189_3  (sext       ) [ 00]
sext_ln189_4  (sext       ) [ 00]
sext_ln189_5  (sext       ) [ 00]
sext_ln189_6  (sext       ) [ 00]
sext_ln189_7  (sext       ) [ 00]
sext_ln201    (sext       ) [ 00]
sext_ln190    (sext       ) [ 00]
sext_ln202    (sext       ) [ 00]
sext_ln190_1  (sext       ) [ 00]
sext_ln203    (sext       ) [ 00]
sext_ln190_2  (sext       ) [ 00]
sext_ln190_3  (sext       ) [ 00]
sext_ln204    (sext       ) [ 00]
sext_ln190_4  (sext       ) [ 00]
sext_ln190_5  (sext       ) [ 00]
sext_ln205    (sext       ) [ 00]
sext_ln190_6  (sext       ) [ 00]
sext_ln190_7  (sext       ) [ 00]
sext_ln206    (sext       ) [ 00]
sext_ln190_8  (sext       ) [ 00]
sext_ln190_9  (sext       ) [ 00]
sext_ln207    (sext       ) [ 00]
sext_ln190_10 (sext       ) [ 00]
sext_ln190_11 (sext       ) [ 00]
sext_ln208    (sext       ) [ 00]
sext_ln190_12 (sext       ) [ 00]
sext_ln190_13 (sext       ) [ 00]
add_ln210     (add        ) [ 00]
sext_ln210    (sext       ) [ 00]
add_ln210_1   (add        ) [ 00]
trunc_ln      (partselect ) [ 00]
sext_ln210_1  (sext       ) [ 00]
s             (sub        ) [ 00]
sext_ln189_8  (sext       ) [ 00]
add_ln211     (add        ) [ 00]
trunc_ln1     (partselect ) [ 00]
sext_ln211    (sext       ) [ 00]
s_1           (sub        ) [ 00]
sext_ln189_9  (sext       ) [ 00]
add_ln212     (add        ) [ 00]
sext_ln212    (sext       ) [ 00]
add_ln212_1   (add        ) [ 00]
trunc_ln2     (partselect ) [ 00]
sext_ln212_1  (sext       ) [ 00]
s_2           (sub        ) [ 00]
sext_ln189_10 (sext       ) [ 00]
add_ln213     (add        ) [ 00]
sext_ln213    (sext       ) [ 00]
add_ln213_1   (add        ) [ 00]
trunc_ln3     (partselect ) [ 00]
sext_ln213_1  (sext       ) [ 00]
s_3           (sub        ) [ 00]
sext_ln189_11 (sext       ) [ 00]
add_ln214     (add        ) [ 00]
sext_ln214    (sext       ) [ 00]
add_ln214_1   (add        ) [ 00]
trunc_ln4     (partselect ) [ 00]
sext_ln214_1  (sext       ) [ 00]
s_4           (sub        ) [ 00]
sext_ln189_12 (sext       ) [ 00]
add_ln215     (add        ) [ 00]
sext_ln215    (sext       ) [ 00]
add_ln215_1   (add        ) [ 00]
trunc_ln5     (partselect ) [ 00]
sext_ln215_1  (sext       ) [ 00]
s_5           (sub        ) [ 00]
sext_ln189_13 (sext       ) [ 00]
add_ln216     (add        ) [ 00]
sext_ln216    (sext       ) [ 00]
add_ln216_1   (add        ) [ 00]
trunc_ln6     (partselect ) [ 00]
sext_ln216_1  (sext       ) [ 00]
s_6           (sub        ) [ 00]
sext_ln189_14 (sext       ) [ 00]
add_ln217     (add        ) [ 00]
sext_ln217    (sext       ) [ 00]
add_ln217_1   (add        ) [ 00]
trunc_ln7     (partselect ) [ 00]
sext_ln217_1  (sext       ) [ 00]
s_7           (sub        ) [ 00]
sext_ln189_15 (sext       ) [ 00]
tmp           (partselect ) [ 00]
icmp_ln9      (icmp       ) [ 00]
icmp_ln10     (icmp       ) [ 00]
trunc_ln11    (trunc      ) [ 00]
select_ln9    (select     ) [ 00]
or_ln9        (or         ) [ 01]
select_ln9_1  (select     ) [ 00]
tmp_1         (partselect ) [ 00]
icmp_ln9_1    (icmp       ) [ 00]
icmp_ln10_1   (icmp       ) [ 00]
trunc_ln11_1  (trunc      ) [ 00]
select_ln9_2  (select     ) [ 00]
or_ln9_1      (or         ) [ 01]
select_ln9_3  (select     ) [ 00]
tmp_2         (partselect ) [ 00]
icmp_ln9_2    (icmp       ) [ 00]
icmp_ln10_2   (icmp       ) [ 00]
trunc_ln11_2  (trunc      ) [ 00]
select_ln9_4  (select     ) [ 00]
or_ln9_2      (or         ) [ 01]
select_ln9_5  (select     ) [ 00]
tmp_3         (partselect ) [ 00]
icmp_ln9_3    (icmp       ) [ 00]
icmp_ln10_3   (icmp       ) [ 00]
trunc_ln11_3  (trunc      ) [ 00]
select_ln9_6  (select     ) [ 00]
or_ln9_3      (or         ) [ 01]
select_ln9_7  (select     ) [ 00]
tmp_4         (partselect ) [ 00]
icmp_ln9_4    (icmp       ) [ 00]
icmp_ln10_4   (icmp       ) [ 00]
trunc_ln11_4  (trunc      ) [ 00]
select_ln9_8  (select     ) [ 00]
or_ln9_4      (or         ) [ 01]
select_ln9_9  (select     ) [ 00]
tmp_5         (partselect ) [ 00]
icmp_ln9_5    (icmp       ) [ 00]
icmp_ln10_5   (icmp       ) [ 00]
trunc_ln11_5  (trunc      ) [ 00]
select_ln9_10 (select     ) [ 00]
or_ln9_5      (or         ) [ 01]
select_ln9_11 (select     ) [ 00]
tmp_6         (partselect ) [ 00]
icmp_ln9_6    (icmp       ) [ 00]
icmp_ln10_6   (icmp       ) [ 00]
trunc_ln11_6  (trunc      ) [ 00]
select_ln9_12 (select     ) [ 00]
or_ln9_6      (or         ) [ 01]
select_ln9_13 (select     ) [ 00]
tmp_7         (partselect ) [ 00]
icmp_ln9_7    (icmp       ) [ 00]
icmp_ln10_7   (icmp       ) [ 00]
trunc_ln11_7  (trunc      ) [ 00]
select_ln9_14 (select     ) [ 00]
or_ln9_7      (or         ) [ 01]
select_ln9_15 (select     ) [ 00]
add_ln228     (add        ) [ 00]
tmp_8         (partselect ) [ 00]
sext_ln228    (sext       ) [ 00]
add_ln228_1   (add        ) [ 00]
tmp_9         (partselect ) [ 00]
icmp_ln9_8    (icmp       ) [ 00]
icmp_ln10_8   (icmp       ) [ 00]
trunc_ln11_8  (trunc      ) [ 00]
select_ln9_16 (select     ) [ 00]
or_ln9_8      (or         ) [ 01]
select_ln9_17 (select     ) [ 00]
add_ln229     (add        ) [ 00]
tmp_10        (partselect ) [ 00]
sext_ln229    (sext       ) [ 00]
add_ln229_1   (add        ) [ 00]
tmp_11        (partselect ) [ 00]
icmp_ln9_9    (icmp       ) [ 00]
icmp_ln10_9   (icmp       ) [ 00]
trunc_ln11_9  (trunc      ) [ 00]
select_ln9_18 (select     ) [ 00]
or_ln9_9      (or         ) [ 01]
select_ln9_19 (select     ) [ 00]
add_ln230     (add        ) [ 00]
tmp_12        (partselect ) [ 00]
sext_ln230    (sext       ) [ 00]
add_ln230_1   (add        ) [ 00]
tmp_13        (partselect ) [ 00]
icmp_ln9_10   (icmp       ) [ 00]
icmp_ln10_10  (icmp       ) [ 00]
trunc_ln11_10 (trunc      ) [ 00]
select_ln9_20 (select     ) [ 00]
or_ln9_10     (or         ) [ 01]
select_ln9_21 (select     ) [ 00]
add_ln231     (add        ) [ 00]
tmp_14        (partselect ) [ 00]
sext_ln231    (sext       ) [ 00]
add_ln231_1   (add        ) [ 00]
tmp_15        (partselect ) [ 00]
icmp_ln9_11   (icmp       ) [ 00]
icmp_ln10_11  (icmp       ) [ 00]
trunc_ln11_11 (trunc      ) [ 00]
select_ln9_22 (select     ) [ 00]
or_ln9_11     (or         ) [ 01]
select_ln9_23 (select     ) [ 00]
add_ln232     (add        ) [ 00]
tmp_16        (partselect ) [ 00]
sext_ln232    (sext       ) [ 00]
add_ln232_1   (add        ) [ 00]
tmp_17        (partselect ) [ 00]
icmp_ln9_12   (icmp       ) [ 00]
icmp_ln10_12  (icmp       ) [ 00]
trunc_ln11_12 (trunc      ) [ 00]
select_ln9_24 (select     ) [ 00]
or_ln9_12     (or         ) [ 01]
select_ln9_25 (select     ) [ 00]
add_ln233     (add        ) [ 00]
tmp_18        (partselect ) [ 00]
sext_ln233    (sext       ) [ 00]
add_ln233_1   (add        ) [ 00]
tmp_19        (partselect ) [ 00]
icmp_ln9_13   (icmp       ) [ 00]
icmp_ln10_13  (icmp       ) [ 00]
trunc_ln11_13 (trunc      ) [ 00]
select_ln9_26 (select     ) [ 00]
or_ln9_13     (or         ) [ 01]
select_ln9_27 (select     ) [ 00]
add_ln234     (add        ) [ 00]
tmp_20        (partselect ) [ 00]
sext_ln234    (sext       ) [ 00]
add_ln234_1   (add        ) [ 00]
tmp_21        (partselect ) [ 00]
icmp_ln9_14   (icmp       ) [ 00]
icmp_ln10_14  (icmp       ) [ 00]
trunc_ln11_14 (trunc      ) [ 00]
select_ln9_28 (select     ) [ 00]
or_ln9_14     (or         ) [ 01]
select_ln9_29 (select     ) [ 00]
add_ln235     (add        ) [ 00]
tmp_22        (partselect ) [ 00]
sext_ln235    (sext       ) [ 00]
add_ln235_1   (add        ) [ 00]
tmp_23        (partselect ) [ 00]
icmp_ln9_15   (icmp       ) [ 00]
icmp_ln10_15  (icmp       ) [ 00]
trunc_ln11_15 (trunc      ) [ 00]
select_ln9_30 (select     ) [ 00]
or_ln9_15     (or         ) [ 01]
select_ln9_31 (select     ) [ 00]
mrv           (insertvalue) [ 00]
mrv_1         (insertvalue) [ 00]
mrv_2         (insertvalue) [ 00]
mrv_3         (insertvalue) [ 00]
mrv_4         (insertvalue) [ 00]
mrv_5         (insertvalue) [ 00]
mrv_6         (insertvalue) [ 00]
mrv_7         (insertvalue) [ 00]
mrv_8         (insertvalue) [ 00]
mrv_9         (insertvalue) [ 00]
mrv_s         (insertvalue) [ 00]
mrv_10        (insertvalue) [ 00]
mrv_11        (insertvalue) [ 00]
mrv_12        (insertvalue) [ 00]
mrv_13        (insertvalue) [ 00]
mrv_14        (insertvalue) [ 00]
ret_ln236     (ret        ) [ 00]
</LifeTime>

<model>

<comp_list>
<comp id="0" class="1000" name="low_read">
<pin_list>
<pin id="1" dir="1" index="0" bw="1" slack="0"/>
</pin_list>
<bind>
<StgValue><ssdm name="low_read"/></StgValue>
</bind>
</comp>

<comp id="2" class="1000" name="low_read_23">
<pin_list>
<pin id="3" dir="1" index="0" bw="1" slack="0"/>
</pin_list>
<bind>
<StgValue><ssdm name="low_read_23"/></StgValue>
</bind>
</comp>

<comp id="4" class="1000" name="low_read_24">
<pin_list>
<pin id="5" dir="1" index="0" bw="1" slack="0"/>
</pin_list>
<bind>
<StgValue><ssdm name="low_read_24"/></StgValue>
</bind>
</comp>

<comp id="6" class="1000" name="low_read_25">
<pin_list>
<pin id="7" dir="1" index="0" bw="1" slack="0"/>
</pin_list>
<bind>
<StgValue><ssdm name="low_read_25"/></StgValue>
</bind>
</comp>

<comp id="8" class="1000" name="low_read_26">
<pin_list>
<pin id="9" dir="1" index="0" bw="1" slack="0"/>
</pin_list>
<bind>
<StgValue><ssdm name="low_read_26"/></StgValue>
</bind>
</comp>

<comp id="10" class="1000" name="low_read_27">
<pin_list>
<pin id="11" dir="1" index="0" bw="1" slack="0"/>
</pin_list>
<bind>
<StgValue><ssdm name="low_read_27"/></StgValue>
</bind>
</comp>

<comp id="12" class="1000" name="low_read_28">
<pin_list>
<pin id="13" dir="1" index="0" bw="1" slack="0"/>
</pin_list>
<bind>
<StgValue><ssdm name="low_read_28"/></StgValue>
</bind>
</comp>

<comp id="14" class="1000" name="low_read_29">
<pin_list>
<pin id="15" dir="1" index="0" bw="1" slack="0"/>
</pin_list>
<bind>
<StgValue><ssdm name="low_read_29"/></StgValue>
</bind>
</comp>

<comp id="16" class="1000" name="high_read">
<pin_list>
<pin id="17" dir="1" index="0" bw="1" slack="0"/>
</pin_list>
<bind>
<StgValue><ssdm name="high_read"/></StgValue>
</bind>
</comp>

<comp id="18" class="1000" name="high_read_23">
<pin_list>
<pin id="19" dir="1" index="0" bw="1" slack="0"/>
</pin_list>
<bind>
<StgValue><ssdm name="high_read_23"/></StgValue>
</bind>
</comp>

<comp id="20" class="1000" name="high_read_24">
<pin_list>
<pin id="21" dir="1" index="0" bw="1" slack="0"/>
</pin_list>
<bind>
<StgValue><ssdm name="high_read_24"/></StgValue>
</bind>
</comp>

<comp id="22" class="1000" name="high_read_25">
<pin_list>
<pin id="23" dir="1" index="0" bw="1" slack="0"/>
</pin_list>
<bind>
<StgValue><ssdm name="high_read_25"/></StgValue>
</bind>
</comp>

<comp id="24" class="1000" name="high_read_26">
<pin_list>
<pin id="25" dir="1" index="0" bw="1" slack="0"/>
</pin_list>
<bind>
<StgValue><ssdm name="high_read_26"/></StgValue>
</bind>
</comp>

<comp id="26" class="1000" name="high_read_27">
<pin_list>
<pin id="27" dir="1" index="0" bw="1" slack="0"/>
</pin_list>
<bind>
<StgValue><ssdm name="high_read_27"/></StgValue>
</bind>
</comp>

<comp id="28" class="1000" name="high_read_28">
<pin_list>
<pin id="29" dir="1" index="0" bw="1" slack="0"/>
</pin_list>
<bind>
<StgValue><ssdm name="high_read_28"/></StgValue>
</bind>
</comp>

<comp id="30" class="1000" name="high_read_29">
<pin_list>
<pin id="31" dir="1" index="0" bw="1" slack="0"/>
</pin_list>
<bind>
<StgValue><ssdm name="high_read_29"/></StgValue>
</bind>
</comp>

<comp id="32" class="1001" name="const_32">
<pin_list>
<pin id="33" dir="1" index="0" bw="1" slack="0"/>
</pin_list>
<bind>
<StgValue><ssdm name="_ssdm_op_Read.ap_auto.i16"/></StgValue>
</bind>
</comp>

<comp id="34" class="1001" name="const_34">
<pin_list>
<pin id="35" dir="1" index="0" bw="1" slack="0"/>
</pin_list>
<bind>
<StgValue><ssdm name=""/></StgValue>
</bind>
</comp>

<comp id="36" class="1001" name="const_36">
<pin_list>
<pin id="37" dir="1" index="0" bw="1" slack="0"/>
</pin_list>
<bind>
<StgValue><ssdm name="_ssdm_op_PartSelect.i16.i18.i32.i32"/></StgValue>
</bind>
</comp>

<comp id="38" class="1001" name="const_38">
<pin_list>
<pin id="39" dir="1" index="0" bw="1" slack="0"/>
</pin_list>
<bind>
<StgValue><ssdm name=""/></StgValue>
</bind>
</comp>

<comp id="40" class="1001" name="const_40">
<pin_list>
<pin id="41" dir="1" index="0" bw="1" slack="0"/>
</pin_list>
<bind>
<StgValue><ssdm name=""/></StgValue>
</bind>
</comp>

<comp id="42" class="1001" name="const_42">
<pin_list>
<pin id="43" dir="1" index="0" bw="1" slack="0"/>
</pin_list>
<bind>
<StgValue><ssdm name="_ssdm_op_PartSelect.i10.i17.i32.i32"/></StgValue>
</bind>
</comp>

<comp id="44" class="1001" name="const_44">
<pin_list>
<pin id="45" dir="1" index="0" bw="1" slack="0"/>
</pin_list>
<bind>
<StgValue><ssdm name=""/></StgValue>
</bind>
</comp>

<comp id="46" class="1001" name="const_46">
<pin_list>
<pin id="47" dir="1" index="0" bw="1" slack="0"/>
</pin_list>
<bind>
<StgValue><ssdm name=""/></StgValue>
</bind>
</comp>

<comp id="48" class="1001" name="const_48">
<pin_list>
<pin id="49" dir="1" index="0" bw="1" slack="0"/>
</pin_list>
<bind>
<StgValue><ssdm name=""/></StgValue>
</bind>
</comp>

<comp id="50" class="1001" name="const_50">
<pin_list>
<pin id="51" dir="1" index="0" bw="1" slack="0"/>
</pin_list>
<bind>
<StgValue><ssdm name=""/></StgValue>
</bind>
</comp>

<comp id="52" class="1001" name="const_52">
<pin_list>
<pin id="53" dir="1" index="0" bw="1" slack="0"/>
</pin_list>
<bind>
<StgValue><ssdm name=""/></StgValue>
</bind>
</comp>

<comp id="54" class="1001" name="const_54">
<pin_list>
<pin id="55" dir="1" index="0" bw="1" slack="0"/>
</pin_list>
<bind>
<StgValue><ssdm name=""/></StgValue>
</bind>
</comp>

<comp id="56" class="1001" name="const_56">
<pin_list>
<pin id="57" dir="1" index="0" bw="1" slack="0"/>
</pin_list>
<bind>
<StgValue><ssdm name="_ssdm_op_PartSelect.i17.i18.i32.i32"/></StgValue>
</bind>
</comp>

<comp id="58" class="1001" name="const_58">
<pin_list>
<pin id="59" dir="1" index="0" bw="1" slack="0"/>
</pin_list>
<bind>
<StgValue><ssdm name=""/></StgValue>
</bind>
</comp>

<comp id="60" class="1001" name="const_60">
<pin_list>
<pin id="61" dir="1" index="0" bw="1" slack="0"/>
</pin_list>
<bind>
<StgValue><ssdm name="_ssdm_op_PartSelect.i25.i32.i32.i32"/></StgValue>
</bind>
</comp>

<comp id="62" class="1001" name="const_62">
<pin_list>
<pin id="63" dir="1" index="0" bw="1" slack="0"/>
</pin_list>
<bind>
<StgValue><ssdm name=""/></StgValue>
</bind>
</comp>

<comp id="64" class="1001" name="const_64">
<pin_list>
<pin id="65" dir="1" index="0" bw="1" slack="0"/>
</pin_list>
<bind>
<StgValue><ssdm name=""/></StgValue>
</bind>
</comp>

<comp id="66" class="1001" name="const_66">
<pin_list>
<pin id="67" dir="1" index="0" bw="1" slack="0"/>
</pin_list>
<bind>
<StgValue><ssdm name=""/></StgValue>
</bind>
</comp>

<comp id="68" class="1001" name="const_68">
<pin_list>
<pin id="69" dir="1" index="0" bw="1" slack="0"/>
</pin_list>
<bind>
<StgValue><ssdm name=""/></StgValue>
</bind>
</comp>

<comp id="70" class="1004" name="high_read_1_read_fu_70">
<pin_list>
<pin id="71" dir="0" index="0" bw="16" slack="0"/>
<pin id="72" dir="0" index="1" bw="16" slack="0"/>
<pin id="73" dir="1" index="2" bw="16" slack="0"/>
</pin_list>
<bind>
<opcode="read(1150) " fcode="read"/>
<opset="high_read_1/1 "/>
</bind>
</comp>

<comp id="76" class="1004" name="high_read_2_read_fu_76">
<pin_list>
<pin id="77" dir="0" index="0" bw="16" slack="0"/>
<pin id="78" dir="0" index="1" bw="16" slack="0"/>
<pin id="79" dir="1" index="2" bw="16" slack="0"/>
</pin_list>
<bind>
<opcode="read(1150) " fcode="read"/>
<opset="high_read_2/1 "/>
</bind>
</comp>

<comp id="82" class="1004" name="high_read_3_read_fu_82">
<pin_list>
<pin id="83" dir="0" index="0" bw="16" slack="0"/>
<pin id="84" dir="0" index="1" bw="16" slack="0"/>
<pin id="85" dir="1" index="2" bw="16" slack="0"/>
</pin_list>
<bind>
<opcode="read(1150) " fcode="read"/>
<opset="high_read_3/1 "/>
</bind>
</comp>

<comp id="88" class="1004" name="high_read_4_read_fu_88">
<pin_list>
<pin id="89" dir="0" index="0" bw="16" slack="0"/>
<pin id="90" dir="0" index="1" bw="16" slack="0"/>
<pin id="91" dir="1" index="2" bw="16" slack="0"/>
</pin_list>
<bind>
<opcode="read(1150) " fcode="read"/>
<opset="high_read_4/1 "/>
</bind>
</comp>

<comp id="94" class="1004" name="high_read_5_read_fu_94">
<pin_list>
<pin id="95" dir="0" index="0" bw="16" slack="0"/>
<pin id="96" dir="0" index="1" bw="16" slack="0"/>
<pin id="97" dir="1" index="2" bw="16" slack="0"/>
</pin_list>
<bind>
<opcode="read(1150) " fcode="read"/>
<opset="high_read_5/1 "/>
</bind>
</comp>

<comp id="100" class="1004" name="high_read_6_read_fu_100">
<pin_list>
<pin id="101" dir="0" index="0" bw="16" slack="0"/>
<pin id="102" dir="0" index="1" bw="16" slack="0"/>
<pin id="103" dir="1" index="2" bw="16" slack="0"/>
</pin_list>
<bind>
<opcode="read(1150) " fcode="read"/>
<opset="high_read_6/1 "/>
</bind>
</comp>

<comp id="106" class="1004" name="high_read_7_read_fu_106">
<pin_list>
<pin id="107" dir="0" index="0" bw="16" slack="0"/>
<pin id="108" dir="0" index="1" bw="16" slack="0"/>
<pin id="109" dir="1" index="2" bw="16" slack="0"/>
</pin_list>
<bind>
<opcode="read(1150) " fcode="read"/>
<opset="high_read_7/1 "/>
</bind>
</comp>

<comp id="112" class="1004" name="high_read_15_read_fu_112">
<pin_list>
<pin id="113" dir="0" index="0" bw="16" slack="0"/>
<pin id="114" dir="0" index="1" bw="16" slack="0"/>
<pin id="115" dir="1" index="2" bw="16" slack="0"/>
</pin_list>
<bind>
<opcode="read(1150) " fcode="read"/>
<opset="high_read_15/1 "/>
</bind>
</comp>

<comp id="118" class="1004" name="low_read_1_read_fu_118">
<pin_list>
<pin id="119" dir="0" index="0" bw="16" slack="0"/>
<pin id="120" dir="0" index="1" bw="16" slack="0"/>
<pin id="121" dir="1" index="2" bw="16" slack="0"/>
</pin_list>
<bind>
<opcode="read(1150) " fcode="read"/>
<opset="low_read_1/1 "/>
</bind>
</comp>

<comp id="124" class="1004" name="low_read_2_read_fu_124">
<pin_list>
<pin id="125" dir="0" index="0" bw="16" slack="0"/>
<pin id="126" dir="0" index="1" bw="16" slack="0"/>
<pin id="127" dir="1" index="2" bw="16" slack="0"/>
</pin_list>
<bind>
<opcode="read(1150) " fcode="read"/>
<opset="low_read_2/1 "/>
</bind>
</comp>

<comp id="130" class="1004" name="low_read_3_read_fu_130">
<pin_list>
<pin id="131" dir="0" index="0" bw="16" slack="0"/>
<pin id="132" dir="0" index="1" bw="16" slack="0"/>
<pin id="133" dir="1" index="2" bw="16" slack="0"/>
</pin_list>
<bind>
<opcode="read(1150) " fcode="read"/>
<opset="low_read_3/1 "/>
</bind>
</comp>

<comp id="136" class="1004" name="low_read_4_read_fu_136">
<pin_list>
<pin id="137" dir="0" index="0" bw="16" slack="0"/>
<pin id="138" dir="0" index="1" bw="16" slack="0"/>
<pin id="139" dir="1" index="2" bw="16" slack="0"/>
</pin_list>
<bind>
<opcode="read(1150) " fcode="read"/>
<opset="low_read_4/1 "/>
</bind>
</comp>

<comp id="142" class="1004" name="low_read_5_read_fu_142">
<pin_list>
<pin id="143" dir="0" index="0" bw="16" slack="0"/>
<pin id="144" dir="0" index="1" bw="16" slack="0"/>
<pin id="145" dir="1" index="2" bw="16" slack="0"/>
</pin_list>
<bind>
<opcode="read(1150) " fcode="read"/>
<opset="low_read_5/1 "/>
</bind>
</comp>

<comp id="148" class="1004" name="low_read_6_read_fu_148">
<pin_list>
<pin id="149" dir="0" index="0" bw="16" slack="0"/>
<pin id="150" dir="0" index="1" bw="16" slack="0"/>
<pin id="151" dir="1" index="2" bw="16" slack="0"/>
</pin_list>
<bind>
<opcode="read(1150) " fcode="read"/>
<opset="low_read_6/1 "/>
</bind>
</comp>

<comp id="154" class="1004" name="low_read_7_read_fu_154">
<pin_list>
<pin id="155" dir="0" index="0" bw="16" slack="0"/>
<pin id="156" dir="0" index="1" bw="16" slack="0"/>
<pin id="157" dir="1" index="2" bw="16" slack="0"/>
</pin_list>
<bind>
<opcode="read(1150) " fcode="read"/>
<opset="low_read_7/1 "/>
</bind>
</comp>

<comp id="160" class="1004" name="low_read_15_read_fu_160">
<pin_list>
<pin id="161" dir="0" index="0" bw="16" slack="0"/>
<pin id="162" dir="0" index="1" bw="16" slack="0"/>
<pin id="163" dir="1" index="2" bw="16" slack="0"/>
</pin_list>
<bind>
<opcode="read(1150) " fcode="read"/>
<opset="low_read_15/1 "/>
</bind>
</comp>

<comp id="166" class="1004" name="sext_ln189_fu_166">
<pin_list>
<pin id="167" dir="0" index="0" bw="16" slack="0"/>
<pin id="168" dir="1" index="1" bw="17" slack="0"/>
</pin_list>
<bind>
<opcode="sext(35) " fcode="sext"/>
<opset="sext_ln189/1 "/>
</bind>
</comp>

<comp id="170" class="1004" name="sext_ln189_1_fu_170">
<pin_list>
<pin id="171" dir="0" index="0" bw="16" slack="0"/>
<pin id="172" dir="1" index="1" bw="17" slack="0"/>
</pin_list>
<bind>
<opcode="sext(35) " fcode="sext"/>
<opset="sext_ln189_1/1 "/>
</bind>
</comp>

<comp id="174" class="1004" name="sext_ln189_2_fu_174">
<pin_list>
<pin id="175" dir="0" index="0" bw="16" slack="0"/>
<pin id="176" dir="1" index="1" bw="17" slack="0"/>
</pin_list>
<bind>
<opcode="sext(35) " fcode="sext"/>
<opset="sext_ln189_2/1 "/>
</bind>
</comp>

<comp id="178" class="1004" name="sext_ln189_3_fu_178">
<pin_list>
<pin id="179" dir="0" index="0" bw="16" slack="0"/>
<pin id="180" dir="1" index="1" bw="17" slack="0"/>
</pin_list>
<bind>
<opcode="sext(35) " fcode="sext"/>
<opset="sext_ln189_3/1 "/>
</bind>
</comp>

<comp id="182" class="1004" name="sext_ln189_4_fu_182">
<pin_list>
<pin id="183" dir="0" index="0" bw="16" slack="0"/>
<pin id="184" dir="1" index="1" bw="17" slack="0"/>
</pin_list>
<bind>
<opcode="sext(35) " fcode="sext"/>
<opset="sext_ln189_4/1 "/>
</bind>
</comp>

<comp id="186" class="1004" name="sext_ln189_5_fu_186">
<pin_list>
<pin id="187" dir="0" index="0" bw="16" slack="0"/>
<pin id="188" dir="1" index="1" bw="17" slack="0"/>
</pin_list>
<bind>
<opcode="sext(35) " fcode="sext"/>
<opset="sext_ln189_5/1 "/>
</bind>
</comp>

<comp id="190" class="1004" name="sext_ln189_6_fu_190">
<pin_list>
<pin id="191" dir="0" index="0" bw="16" slack="0"/>
<pin id="192" dir="1" index="1" bw="17" slack="0"/>
</pin_list>
<bind>
<opcode="sext(35) " fcode="sext"/>
<opset="sext_ln189_6/1 "/>
</bind>
</comp>

<comp id="194" class="1004" name="sext_ln189_7_fu_194">
<pin_list>
<pin id="195" dir="0" index="0" bw="16" slack="0"/>
<pin id="196" dir="1" index="1" bw="17" slack="0"/>
</pin_list>
<bind>
<opcode="sext(35) " fcode="sext"/>
<opset="sext_ln189_7/1 "/>
</bind>
</comp>

<comp id="198" class="1004" name="sext_ln201_fu_198">
<pin_list>
<pin id="199" dir="0" index="0" bw="16" slack="0"/>
<pin id="200" dir="1" index="1" bw="32" slack="0"/>
</pin_list>
<bind>
<opcode="sext(35) " fcode="sext"/>
<opset="sext_ln201/1 "/>
</bind>
</comp>

<comp id="202" class="1004" name="sext_ln190_fu_202">
<pin_list>
<pin id="203" dir="0" index="0" bw="16" slack="0"/>
<pin id="204" dir="1" index="1" bw="17" slack="0"/>
</pin_list>
<bind>
<opcode="sext(35) " fcode="sext"/>
<opset="sext_ln190/1 "/>
</bind>
</comp>

<comp id="206" class="1004" name="sext_ln202_fu_206">
<pin_list>
<pin id="207" dir="0" index="0" bw="16" slack="0"/>
<pin id="208" dir="1" index="1" bw="32" slack="0"/>
</pin_list>
<bind>
<opcode="sext(35) " fcode="sext"/>
<opset="sext_ln202/1 "/>
</bind>
</comp>

<comp id="210" class="1004" name="sext_ln190_1_fu_210">
<pin_list>
<pin id="211" dir="0" index="0" bw="16" slack="0"/>
<pin id="212" dir="1" index="1" bw="18" slack="0"/>
</pin_list>
<bind>
<opcode="sext(35) " fcode="sext"/>
<opset="sext_ln190_1/1 "/>
</bind>
</comp>

<comp id="214" class="1004" name="sext_ln203_fu_214">
<pin_list>
<pin id="215" dir="0" index="0" bw="16" slack="0"/>
<pin id="216" dir="1" index="1" bw="32" slack="0"/>
</pin_list>
<bind>
<opcode="sext(35) " fcode="sext"/>
<opset="sext_ln203/1 "/>
</bind>
</comp>

<comp id="218" class="1004" name="sext_ln190_2_fu_218">
<pin_list>
<pin id="219" dir="0" index="0" bw="16" slack="0"/>
<pin id="220" dir="1" index="1" bw="18" slack="0"/>
</pin_list>
<bind>
<opcode="sext(35) " fcode="sext"/>
<opset="sext_ln190_2/1 "/>
</bind>
</comp>

<comp id="222" class="1004" name="sext_ln190_3_fu_222">
<pin_list>
<pin id="223" dir="0" index="0" bw="16" slack="0"/>
<pin id="224" dir="1" index="1" bw="17" slack="0"/>
</pin_list>
<bind>
<opcode="sext(35) " fcode="sext"/>
<opset="sext_ln190_3/1 "/>
</bind>
</comp>

<comp id="226" class="1004" name="sext_ln204_fu_226">
<pin_list>
<pin id="227" dir="0" index="0" bw="16" slack="0"/>
<pin id="228" dir="1" index="1" bw="32" slack="0"/>
</pin_list>
<bind>
<opcode="sext(35) " fcode="sext"/>
<opset="sext_ln204/1 "/>
</bind>
</comp>

<comp id="230" class="1004" name="sext_ln190_4_fu_230">
<pin_list>
<pin id="231" dir="0" index="0" bw="16" slack="0"/>
<pin id="232" dir="1" index="1" bw="18" slack="0"/>
</pin_list>
<bind>
<opcode="sext(35) " fcode="sext"/>
<opset="sext_ln190_4/1 "/>
</bind>
</comp>

<comp id="234" class="1004" name="sext_ln190_5_fu_234">
<pin_list>
<pin id="235" dir="0" index="0" bw="16" slack="0"/>
<pin id="236" dir="1" index="1" bw="17" slack="0"/>
</pin_list>
<bind>
<opcode="sext(35) " fcode="sext"/>
<opset="sext_ln190_5/1 "/>
</bind>
</comp>

<comp id="238" class="1004" name="sext_ln205_fu_238">
<pin_list>
<pin id="239" dir="0" index="0" bw="16" slack="0"/>
<pin id="240" dir="1" index="1" bw="32" slack="0"/>
</pin_list>
<bind>
<opcode="sext(35) " fcode="sext"/>
<opset="sext_ln205/1 "/>
</bind>
</comp>

<comp id="242" class="1004" name="sext_ln190_6_fu_242">
<pin_list>
<pin id="243" dir="0" index="0" bw="16" slack="0"/>
<pin id="244" dir="1" index="1" bw="18" slack="0"/>
</pin_list>
<bind>
<opcode="sext(35) " fcode="sext"/>
<opset="sext_ln190_6/1 "/>
</bind>
</comp>

<comp id="246" class="1004" name="sext_ln190_7_fu_246">
<pin_list>
<pin id="247" dir="0" index="0" bw="16" slack="0"/>
<pin id="248" dir="1" index="1" bw="17" slack="0"/>
</pin_list>
<bind>
<opcode="sext(35) " fcode="sext"/>
<opset="sext_ln190_7/1 "/>
</bind>
</comp>

<comp id="250" class="1004" name="sext_ln206_fu_250">
<pin_list>
<pin id="251" dir="0" index="0" bw="16" slack="0"/>
<pin id="252" dir="1" index="1" bw="32" slack="0"/>
</pin_list>
<bind>
<opcode="sext(35) " fcode="sext"/>
<opset="sext_ln206/1 "/>
</bind>
</comp>

<comp id="254" class="1004" name="sext_ln190_8_fu_254">
<pin_list>
<pin id="255" dir="0" index="0" bw="16" slack="0"/>
<pin id="256" dir="1" index="1" bw="18" slack="0"/>
</pin_list>
<bind>
<opcode="sext(35) " fcode="sext"/>
<opset="sext_ln190_8/1 "/>
</bind>
</comp>

<comp id="258" class="1004" name="sext_ln190_9_fu_258">
<pin_list>
<pin id="259" dir="0" index="0" bw="16" slack="0"/>
<pin id="260" dir="1" index="1" bw="17" slack="0"/>
</pin_list>
<bind>
<opcode="sext(35) " fcode="sext"/>
<opset="sext_ln190_9/1 "/>
</bind>
</comp>

<comp id="262" class="1004" name="sext_ln207_fu_262">
<pin_list>
<pin id="263" dir="0" index="0" bw="16" slack="0"/>
<pin id="264" dir="1" index="1" bw="32" slack="0"/>
</pin_list>
<bind>
<opcode="sext(35) " fcode="sext"/>
<opset="sext_ln207/1 "/>
</bind>
</comp>

<comp id="266" class="1004" name="sext_ln190_10_fu_266">
<pin_list>
<pin id="267" dir="0" index="0" bw="16" slack="0"/>
<pin id="268" dir="1" index="1" bw="18" slack="0"/>
</pin_list>
<bind>
<opcode="sext(35) " fcode="sext"/>
<opset="sext_ln190_10/1 "/>
</bind>
</comp>

<comp id="270" class="1004" name="sext_ln190_11_fu_270">
<pin_list>
<pin id="271" dir="0" index="0" bw="16" slack="0"/>
<pin id="272" dir="1" index="1" bw="17" slack="0"/>
</pin_list>
<bind>
<opcode="sext(35) " fcode="sext"/>
<opset="sext_ln190_11/1 "/>
</bind>
</comp>

<comp id="274" class="1004" name="sext_ln208_fu_274">
<pin_list>
<pin id="275" dir="0" index="0" bw="16" slack="0"/>
<pin id="276" dir="1" index="1" bw="32" slack="0"/>
</pin_list>
<bind>
<opcode="sext(35) " fcode="sext"/>
<opset="sext_ln208/1 "/>
</bind>
</comp>

<comp id="278" class="1004" name="sext_ln190_12_fu_278">
<pin_list>
<pin id="279" dir="0" index="0" bw="16" slack="0"/>
<pin id="280" dir="1" index="1" bw="17" slack="0"/>
</pin_list>
<bind>
<opcode="sext(35) " fcode="sext"/>
<opset="sext_ln190_12/1 "/>
</bind>
</comp>

<comp id="282" class="1004" name="sext_ln190_13_fu_282">
<pin_list>
<pin id="283" dir="0" index="0" bw="16" slack="0"/>
<pin id="284" dir="1" index="1" bw="18" slack="0"/>
</pin_list>
<bind>
<opcode="sext(35) " fcode="sext"/>
<opset="sext_ln190_13/1 "/>
</bind>
</comp>

<comp id="286" class="1004" name="add_ln210_fu_286">
<pin_list>
<pin id="287" dir="0" index="0" bw="16" slack="0"/>
<pin id="288" dir="0" index="1" bw="3" slack="0"/>
<pin id="289" dir="1" index="2" bw="17" slack="0"/>
</pin_list>
<bind>
<opcode="add(8) " fcode="add"/>
<opset="add_ln210/1 "/>
</bind>
</comp>

<comp id="292" class="1004" name="sext_ln210_fu_292">
<pin_list>
<pin id="293" dir="0" index="0" bw="17" slack="0"/>
<pin id="294" dir="1" index="1" bw="18" slack="0"/>
</pin_list>
<bind>
<opcode="sext(35) " fcode="sext"/>
<opset="sext_ln210/1 "/>
</bind>
</comp>

<comp id="296" class="1004" name="add_ln210_1_fu_296">
<pin_list>
<pin id="297" dir="0" index="0" bw="17" slack="0"/>
<pin id="298" dir="0" index="1" bw="16" slack="0"/>
<pin id="299" dir="1" index="2" bw="18" slack="0"/>
</pin_list>
<bind>
<opcode="add(8) " fcode="add"/>
<opset="add_ln210_1/1 "/>
</bind>
</comp>

<comp id="302" class="1004" name="trunc_ln_fu_302">
<pin_list>
<pin id="303" dir="0" index="0" bw="16" slack="0"/>
<pin id="304" dir="0" index="1" bw="18" slack="0"/>
<pin id="305" dir="0" index="2" bw="3" slack="0"/>
<pin id="306" dir="0" index="3" bw="6" slack="0"/>
<pin id="307" dir="1" index="4" bw="16" slack="0"/>
</pin_list>
<bind>
<opcode="partselect(1002) " fcode="partselect"/>
<opset="trunc_ln/1 "/>
</bind>
</comp>

<comp id="312" class="1004" name="sext_ln210_1_fu_312">
<pin_list>
<pin id="313" dir="0" index="0" bw="16" slack="0"/>
<pin id="314" dir="1" index="1" bw="17" slack="0"/>
</pin_list>
<bind>
<opcode="sext(35) " fcode="sext"/>
<opset="sext_ln210_1/1 "/>
</bind>
</comp>

<comp id="316" class="1004" name="s_fu_316">
<pin_list>
<pin id="317" dir="0" index="0" bw="16" slack="0"/>
<pin id="318" dir="0" index="1" bw="16" slack="0"/>
<pin id="319" dir="1" index="2" bw="17" slack="0"/>
</pin_list>
<bind>
<opcode="sub(10) " fcode="sub"/>
<opset="s/1 "/>
</bind>
</comp>

<comp id="322" class="1004" name="sext_ln189_8_fu_322">
<pin_list>
<pin id="323" dir="0" index="0" bw="17" slack="0"/>
<pin id="324" dir="1" index="1" bw="18" slack="0"/>
</pin_list>
<bind>
<opcode="sext(35) " fcode="sext"/>
<opset="sext_ln189_8/1 "/>
</bind>
</comp>

<comp id="326" class="1004" name="add_ln211_fu_326">
<pin_list>
<pin id="327" dir="0" index="0" bw="17" slack="0"/>
<pin id="328" dir="0" index="1" bw="16" slack="0"/>
<pin id="329" dir="1" index="2" bw="18" slack="0"/>
</pin_list>
<bind>
<opcode="add(8) " fcode="add"/>
<opset="add_ln211/1 "/>
</bind>
</comp>

<comp id="332" class="1004" name="trunc_ln1_fu_332">
<pin_list>
<pin id="333" dir="0" index="0" bw="16" slack="0"/>
<pin id="334" dir="0" index="1" bw="18" slack="0"/>
<pin id="335" dir="0" index="2" bw="3" slack="0"/>
<pin id="336" dir="0" index="3" bw="6" slack="0"/>
<pin id="337" dir="1" index="4" bw="16" slack="0"/>
</pin_list>
<bind>
<opcode="partselect(1002) " fcode="partselect"/>
<opset="trunc_ln1/1 "/>
</bind>
</comp>

<comp id="342" class="1004" name="sext_ln211_fu_342">
<pin_list>
<pin id="343" dir="0" index="0" bw="16" slack="0"/>
<pin id="344" dir="1" index="1" bw="17" slack="0"/>
</pin_list>
<bind>
<opcode="sext(35) " fcode="sext"/>
<opset="sext_ln211/1 "/>
</bind>
</comp>

<comp id="346" class="1004" name="s_1_fu_346">
<pin_list>
<pin id="347" dir="0" index="0" bw="16" slack="0"/>
<pin id="348" dir="0" index="1" bw="16" slack="0"/>
<pin id="349" dir="1" index="2" bw="17" slack="0"/>
</pin_list>
<bind>
<opcode="sub(10) " fcode="sub"/>
<opset="s_1/1 "/>
</bind>
</comp>

<comp id="352" class="1004" name="sext_ln189_9_fu_352">
<pin_list>
<pin id="353" dir="0" index="0" bw="17" slack="0"/>
<pin id="354" dir="1" index="1" bw="18" slack="0"/>
</pin_list>
<bind>
<opcode="sext(35) " fcode="sext"/>
<opset="sext_ln189_9/1 "/>
</bind>
</comp>

<comp id="356" class="1004" name="add_ln212_fu_356">
<pin_list>
<pin id="357" dir="0" index="0" bw="16" slack="0"/>
<pin id="358" dir="0" index="1" bw="3" slack="0"/>
<pin id="359" dir="1" index="2" bw="17" slack="0"/>
</pin_list>
<bind>
<opcode="add(8) " fcode="add"/>
<opset="add_ln212/1 "/>
</bind>
</comp>

<comp id="362" class="1004" name="sext_ln212_fu_362">
<pin_list>
<pin id="363" dir="0" index="0" bw="17" slack="0"/>
<pin id="364" dir="1" index="1" bw="18" slack="0"/>
</pin_list>
<bind>
<opcode="sext(35) " fcode="sext"/>
<opset="sext_ln212/1 "/>
</bind>
</comp>

<comp id="366" class="1004" name="add_ln212_1_fu_366">
<pin_list>
<pin id="367" dir="0" index="0" bw="17" slack="0"/>
<pin id="368" dir="0" index="1" bw="16" slack="0"/>
<pin id="369" dir="1" index="2" bw="18" slack="0"/>
</pin_list>
<bind>
<opcode="add(8) " fcode="add"/>
<opset="add_ln212_1/1 "/>
</bind>
</comp>

<comp id="372" class="1004" name="trunc_ln2_fu_372">
<pin_list>
<pin id="373" dir="0" index="0" bw="16" slack="0"/>
<pin id="374" dir="0" index="1" bw="18" slack="0"/>
<pin id="375" dir="0" index="2" bw="3" slack="0"/>
<pin id="376" dir="0" index="3" bw="6" slack="0"/>
<pin id="377" dir="1" index="4" bw="16" slack="0"/>
</pin_list>
<bind>
<opcode="partselect(1002) " fcode="partselect"/>
<opset="trunc_ln2/1 "/>
</bind>
</comp>

<comp id="382" class="1004" name="sext_ln212_1_fu_382">
<pin_list>
<pin id="383" dir="0" index="0" bw="16" slack="0"/>
<pin id="384" dir="1" index="1" bw="17" slack="0"/>
</pin_list>
<bind>
<opcode="sext(35) " fcode="sext"/>
<opset="sext_ln212_1/1 "/>
</bind>
</comp>

<comp id="386" class="1004" name="s_2_fu_386">
<pin_list>
<pin id="387" dir="0" index="0" bw="16" slack="0"/>
<pin id="388" dir="0" index="1" bw="16" slack="0"/>
<pin id="389" dir="1" index="2" bw="17" slack="0"/>
</pin_list>
<bind>
<opcode="sub(10) " fcode="sub"/>
<opset="s_2/1 "/>
</bind>
</comp>

<comp id="392" class="1004" name="sext_ln189_10_fu_392">
<pin_list>
<pin id="393" dir="0" index="0" bw="17" slack="0"/>
<pin id="394" dir="1" index="1" bw="18" slack="0"/>
</pin_list>
<bind>
<opcode="sext(35) " fcode="sext"/>
<opset="sext_ln189_10/1 "/>
</bind>
</comp>

<comp id="396" class="1004" name="add_ln213_fu_396">
<pin_list>
<pin id="397" dir="0" index="0" bw="16" slack="0"/>
<pin id="398" dir="0" index="1" bw="3" slack="0"/>
<pin id="399" dir="1" index="2" bw="17" slack="0"/>
</pin_list>
<bind>
<opcode="add(8) " fcode="add"/>
<opset="add_ln213/1 "/>
</bind>
</comp>

<comp id="402" class="1004" name="sext_ln213_fu_402">
<pin_list>
<pin id="403" dir="0" index="0" bw="17" slack="0"/>
<pin id="404" dir="1" index="1" bw="18" slack="0"/>
</pin_list>
<bind>
<opcode="sext(35) " fcode="sext"/>
<opset="sext_ln213/1 "/>
</bind>
</comp>

<comp id="406" class="1004" name="add_ln213_1_fu_406">
<pin_list>
<pin id="407" dir="0" index="0" bw="17" slack="0"/>
<pin id="408" dir="0" index="1" bw="16" slack="0"/>
<pin id="409" dir="1" index="2" bw="18" slack="0"/>
</pin_list>
<bind>
<opcode="add(8) " fcode="add"/>
<opset="add_ln213_1/1 "/>
</bind>
</comp>

<comp id="412" class="1004" name="trunc_ln3_fu_412">
<pin_list>
<pin id="413" dir="0" index="0" bw="16" slack="0"/>
<pin id="414" dir="0" index="1" bw="18" slack="0"/>
<pin id="415" dir="0" index="2" bw="3" slack="0"/>
<pin id="416" dir="0" index="3" bw="6" slack="0"/>
<pin id="417" dir="1" index="4" bw="16" slack="0"/>
</pin_list>
<bind>
<opcode="partselect(1002) " fcode="partselect"/>
<opset="trunc_ln3/1 "/>
</bind>
</comp>

<comp id="422" class="1004" name="sext_ln213_1_fu_422">
<pin_list>
<pin id="423" dir="0" index="0" bw="16" slack="0"/>
<pin id="424" dir="1" index="1" bw="17" slack="0"/>
</pin_list>
<bind>
<opcode="sext(35) " fcode="sext"/>
<opset="sext_ln213_1/1 "/>
</bind>
</comp>

<comp id="426" class="1004" name="s_3_fu_426">
<pin_list>
<pin id="427" dir="0" index="0" bw="16" slack="0"/>
<pin id="428" dir="0" index="1" bw="16" slack="0"/>
<pin id="429" dir="1" index="2" bw="17" slack="0"/>
</pin_list>
<bind>
<opcode="sub(10) " fcode="sub"/>
<opset="s_3/1 "/>
</bind>
</comp>

<comp id="432" class="1004" name="sext_ln189_11_fu_432">
<pin_list>
<pin id="433" dir="0" index="0" bw="17" slack="0"/>
<pin id="434" dir="1" index="1" bw="18" slack="0"/>
</pin_list>
<bind>
<opcode="sext(35) " fcode="sext"/>
<opset="sext_ln189_11/1 "/>
</bind>
</comp>

<comp id="436" class="1004" name="add_ln214_fu_436">
<pin_list>
<pin id="437" dir="0" index="0" bw="16" slack="0"/>
<pin id="438" dir="0" index="1" bw="3" slack="0"/>
<pin id="439" dir="1" index="2" bw="17" slack="0"/>
</pin_list>
<bind>
<opcode="add(8) " fcode="add"/>
<opset="add_ln214/1 "/>
</bind>
</comp>

<comp id="442" class="1004" name="sext_ln214_fu_442">
<pin_list>
<pin id="443" dir="0" index="0" bw="17" slack="0"/>
<pin id="444" dir="1" index="1" bw="18" slack="0"/>
</pin_list>
<bind>
<opcode="sext(35) " fcode="sext"/>
<opset="sext_ln214/1 "/>
</bind>
</comp>

<comp id="446" class="1004" name="add_ln214_1_fu_446">
<pin_list>
<pin id="447" dir="0" index="0" bw="17" slack="0"/>
<pin id="448" dir="0" index="1" bw="16" slack="0"/>
<pin id="449" dir="1" index="2" bw="18" slack="0"/>
</pin_list>
<bind>
<opcode="add(8) " fcode="add"/>
<opset="add_ln214_1/1 "/>
</bind>
</comp>

<comp id="452" class="1004" name="trunc_ln4_fu_452">
<pin_list>
<pin id="453" dir="0" index="0" bw="16" slack="0"/>
<pin id="454" dir="0" index="1" bw="18" slack="0"/>
<pin id="455" dir="0" index="2" bw="3" slack="0"/>
<pin id="456" dir="0" index="3" bw="6" slack="0"/>
<pin id="457" dir="1" index="4" bw="16" slack="0"/>
</pin_list>
<bind>
<opcode="partselect(1002) " fcode="partselect"/>
<opset="trunc_ln4/1 "/>
</bind>
</comp>

<comp id="462" class="1004" name="sext_ln214_1_fu_462">
<pin_list>
<pin id="463" dir="0" index="0" bw="16" slack="0"/>
<pin id="464" dir="1" index="1" bw="17" slack="0"/>
</pin_list>
<bind>
<opcode="sext(35) " fcode="sext"/>
<opset="sext_ln214_1/1 "/>
</bind>
</comp>

<comp id="466" class="1004" name="s_4_fu_466">
<pin_list>
<pin id="467" dir="0" index="0" bw="16" slack="0"/>
<pin id="468" dir="0" index="1" bw="16" slack="0"/>
<pin id="469" dir="1" index="2" bw="17" slack="0"/>
</pin_list>
<bind>
<opcode="sub(10) " fcode="sub"/>
<opset="s_4/1 "/>
</bind>
</comp>

<comp id="472" class="1004" name="sext_ln189_12_fu_472">
<pin_list>
<pin id="473" dir="0" index="0" bw="17" slack="0"/>
<pin id="474" dir="1" index="1" bw="18" slack="0"/>
</pin_list>
<bind>
<opcode="sext(35) " fcode="sext"/>
<opset="sext_ln189_12/1 "/>
</bind>
</comp>

<comp id="476" class="1004" name="add_ln215_fu_476">
<pin_list>
<pin id="477" dir="0" index="0" bw="16" slack="0"/>
<pin id="478" dir="0" index="1" bw="3" slack="0"/>
<pin id="479" dir="1" index="2" bw="17" slack="0"/>
</pin_list>
<bind>
<opcode="add(8) " fcode="add"/>
<opset="add_ln215/1 "/>
</bind>
</comp>

<comp id="482" class="1004" name="sext_ln215_fu_482">
<pin_list>
<pin id="483" dir="0" index="0" bw="17" slack="0"/>
<pin id="484" dir="1" index="1" bw="18" slack="0"/>
</pin_list>
<bind>
<opcode="sext(35) " fcode="sext"/>
<opset="sext_ln215/1 "/>
</bind>
</comp>

<comp id="486" class="1004" name="add_ln215_1_fu_486">
<pin_list>
<pin id="487" dir="0" index="0" bw="17" slack="0"/>
<pin id="488" dir="0" index="1" bw="16" slack="0"/>
<pin id="489" dir="1" index="2" bw="18" slack="0"/>
</pin_list>
<bind>
<opcode="add(8) " fcode="add"/>
<opset="add_ln215_1/1 "/>
</bind>
</comp>

<comp id="492" class="1004" name="trunc_ln5_fu_492">
<pin_list>
<pin id="493" dir="0" index="0" bw="16" slack="0"/>
<pin id="494" dir="0" index="1" bw="18" slack="0"/>
<pin id="495" dir="0" index="2" bw="3" slack="0"/>
<pin id="496" dir="0" index="3" bw="6" slack="0"/>
<pin id="497" dir="1" index="4" bw="16" slack="0"/>
</pin_list>
<bind>
<opcode="partselect(1002) " fcode="partselect"/>
<opset="trunc_ln5/1 "/>
</bind>
</comp>

<comp id="502" class="1004" name="sext_ln215_1_fu_502">
<pin_list>
<pin id="503" dir="0" index="0" bw="16" slack="0"/>
<pin id="504" dir="1" index="1" bw="17" slack="0"/>
</pin_list>
<bind>
<opcode="sext(35) " fcode="sext"/>
<opset="sext_ln215_1/1 "/>
</bind>
</comp>

<comp id="506" class="1004" name="s_5_fu_506">
<pin_list>
<pin id="507" dir="0" index="0" bw="16" slack="0"/>
<pin id="508" dir="0" index="1" bw="16" slack="0"/>
<pin id="509" dir="1" index="2" bw="17" slack="0"/>
</pin_list>
<bind>
<opcode="sub(10) " fcode="sub"/>
<opset="s_5/1 "/>
</bind>
</comp>

<comp id="512" class="1004" name="sext_ln189_13_fu_512">
<pin_list>
<pin id="513" dir="0" index="0" bw="17" slack="0"/>
<pin id="514" dir="1" index="1" bw="18" slack="0"/>
</pin_list>
<bind>
<opcode="sext(35) " fcode="sext"/>
<opset="sext_ln189_13/1 "/>
</bind>
</comp>

<comp id="516" class="1004" name="add_ln216_fu_516">
<pin_list>
<pin id="517" dir="0" index="0" bw="16" slack="0"/>
<pin id="518" dir="0" index="1" bw="3" slack="0"/>
<pin id="519" dir="1" index="2" bw="17" slack="0"/>
</pin_list>
<bind>
<opcode="add(8) " fcode="add"/>
<opset="add_ln216/1 "/>
</bind>
</comp>

<comp id="522" class="1004" name="sext_ln216_fu_522">
<pin_list>
<pin id="523" dir="0" index="0" bw="17" slack="0"/>
<pin id="524" dir="1" index="1" bw="18" slack="0"/>
</pin_list>
<bind>
<opcode="sext(35) " fcode="sext"/>
<opset="sext_ln216/1 "/>
</bind>
</comp>

<comp id="526" class="1004" name="add_ln216_1_fu_526">
<pin_list>
<pin id="527" dir="0" index="0" bw="17" slack="0"/>
<pin id="528" dir="0" index="1" bw="16" slack="0"/>
<pin id="529" dir="1" index="2" bw="18" slack="0"/>
</pin_list>
<bind>
<opcode="add(8) " fcode="add"/>
<opset="add_ln216_1/1 "/>
</bind>
</comp>

<comp id="532" class="1004" name="trunc_ln6_fu_532">
<pin_list>
<pin id="533" dir="0" index="0" bw="16" slack="0"/>
<pin id="534" dir="0" index="1" bw="18" slack="0"/>
<pin id="535" dir="0" index="2" bw="3" slack="0"/>
<pin id="536" dir="0" index="3" bw="6" slack="0"/>
<pin id="537" dir="1" index="4" bw="16" slack="0"/>
</pin_list>
<bind>
<opcode="partselect(1002) " fcode="partselect"/>
<opset="trunc_ln6/1 "/>
</bind>
</comp>

<comp id="542" class="1004" name="sext_ln216_1_fu_542">
<pin_list>
<pin id="543" dir="0" index="0" bw="16" slack="0"/>
<pin id="544" dir="1" index="1" bw="17" slack="0"/>
</pin_list>
<bind>
<opcode="sext(35) " fcode="sext"/>
<opset="sext_ln216_1/1 "/>
</bind>
</comp>

<comp id="546" class="1004" name="s_6_fu_546">
<pin_list>
<pin id="547" dir="0" index="0" bw="16" slack="0"/>
<pin id="548" dir="0" index="1" bw="16" slack="0"/>
<pin id="549" dir="1" index="2" bw="17" slack="0"/>
</pin_list>
<bind>
<opcode="sub(10) " fcode="sub"/>
<opset="s_6/1 "/>
</bind>
</comp>

<comp id="552" class="1004" name="sext_ln189_14_fu_552">
<pin_list>
<pin id="553" dir="0" index="0" bw="17" slack="0"/>
<pin id="554" dir="1" index="1" bw="18" slack="0"/>
</pin_list>
<bind>
<opcode="sext(35) " fcode="sext"/>
<opset="sext_ln189_14/1 "/>
</bind>
</comp>

<comp id="556" class="1004" name="add_ln217_fu_556">
<pin_list>
<pin id="557" dir="0" index="0" bw="16" slack="0"/>
<pin id="558" dir="0" index="1" bw="3" slack="0"/>
<pin id="559" dir="1" index="2" bw="17" slack="0"/>
</pin_list>
<bind>
<opcode="add(8) " fcode="add"/>
<opset="add_ln217/1 "/>
</bind>
</comp>

<comp id="562" class="1004" name="sext_ln217_fu_562">
<pin_list>
<pin id="563" dir="0" index="0" bw="17" slack="0"/>
<pin id="564" dir="1" index="1" bw="18" slack="0"/>
</pin_list>
<bind>
<opcode="sext(35) " fcode="sext"/>
<opset="sext_ln217/1 "/>
</bind>
</comp>

<comp id="566" class="1004" name="add_ln217_1_fu_566">
<pin_list>
<pin id="567" dir="0" index="0" bw="17" slack="0"/>
<pin id="568" dir="0" index="1" bw="16" slack="0"/>
<pin id="569" dir="1" index="2" bw="18" slack="0"/>
</pin_list>
<bind>
<opcode="add(8) " fcode="add"/>
<opset="add_ln217_1/1 "/>
</bind>
</comp>

<comp id="572" class="1004" name="trunc_ln7_fu_572">
<pin_list>
<pin id="573" dir="0" index="0" bw="16" slack="0"/>
<pin id="574" dir="0" index="1" bw="18" slack="0"/>
<pin id="575" dir="0" index="2" bw="3" slack="0"/>
<pin id="576" dir="0" index="3" bw="6" slack="0"/>
<pin id="577" dir="1" index="4" bw="16" slack="0"/>
</pin_list>
<bind>
<opcode="partselect(1002) " fcode="partselect"/>
<opset="trunc_ln7/1 "/>
</bind>
</comp>

<comp id="582" class="1004" name="sext_ln217_1_fu_582">
<pin_list>
<pin id="583" dir="0" index="0" bw="16" slack="0"/>
<pin id="584" dir="1" index="1" bw="17" slack="0"/>
</pin_list>
<bind>
<opcode="sext(35) " fcode="sext"/>
<opset="sext_ln217_1/1 "/>
</bind>
</comp>

<comp id="586" class="1004" name="s_7_fu_586">
<pin_list>
<pin id="587" dir="0" index="0" bw="16" slack="0"/>
<pin id="588" dir="0" index="1" bw="16" slack="0"/>
<pin id="589" dir="1" index="2" bw="17" slack="0"/>
</pin_list>
<bind>
<opcode="sub(10) " fcode="sub"/>
<opset="s_7/1 "/>
</bind>
</comp>

<comp id="592" class="1004" name="sext_ln189_15_fu_592">
<pin_list>
<pin id="593" dir="0" index="0" bw="17" slack="0"/>
<pin id="594" dir="1" index="1" bw="18" slack="0"/>
</pin_list>
<bind>
<opcode="sext(35) " fcode="sext"/>
<opset="sext_ln189_15/1 "/>
</bind>
</comp>

<comp id="596" class="1004" name="tmp_fu_596">
<pin_list>
<pin id="597" dir="0" index="0" bw="10" slack="0"/>
<pin id="598" dir="0" index="1" bw="17" slack="0"/>
<pin id="599" dir="0" index="2" bw="4" slack="0"/>
<pin id="600" dir="0" index="3" bw="6" slack="0"/>
<pin id="601" dir="1" index="4" bw="10" slack="0"/>
</pin_list>
<bind>
<opcode="partselect(1002) " fcode="partselect"/>
<opset="tmp/1 "/>
</bind>
</comp>

<comp id="606" class="1004" name="icmp_ln9_fu_606">
<pin_list>
<pin id="607" dir="0" index="0" bw="10" slack="0"/>
<pin id="608" dir="0" index="1" bw="10" slack="0"/>
<pin id="609" dir="1" index="2" bw="1" slack="0"/>
</pin_list>
<bind>
<opcode="icmp(45) " fcode="icmp"/>
<opset="icmp_ln9/1 "/>
</bind>
</comp>

<comp id="612" class="1004" name="icmp_ln10_fu_612">
<pin_list>
<pin id="613" dir="0" index="0" bw="17" slack="0"/>
<pin id="614" dir="0" index="1" bw="17" slack="0"/>
<pin id="615" dir="1" index="2" bw="1" slack="0"/>
</pin_list>
<bind>
<opcode="icmp(45) " fcode="icmp"/>
<opset="icmp_ln10/1 "/>
</bind>
</comp>

<comp id="618" class="1004" name="trunc_ln11_fu_618">
<pin_list>
<pin id="619" dir="0" index="0" bw="17" slack="0"/>
<pin id="620" dir="1" index="1" bw="8" slack="0"/>
</pin_list>
<bind>
<opcode="trunc(33) " fcode="trunc"/>
<opset="trunc_ln11/1 "/>
</bind>
</comp>

<comp id="622" class="1004" name="select_ln9_fu_622">
<pin_list>
<pin id="623" dir="0" index="0" bw="1" slack="0"/>
<pin id="624" dir="0" index="1" bw="8" slack="0"/>
<pin id="625" dir="0" index="2" bw="8" slack="0"/>
<pin id="626" dir="1" index="3" bw="8" slack="0"/>
</pin_list>
<bind>
<opcode="select(49) " fcode="select"/>
<opset="select_ln9/1 "/>
</bind>
</comp>

<comp id="630" class="1004" name="or_ln9_fu_630">
<pin_list>
<pin id="631" dir="0" index="0" bw="1" slack="0"/>
<pin id="632" dir="0" index="1" bw="1" slack="0"/>
<pin id="633" dir="1" index="2" bw="1" slack="0"/>
</pin_list>
<bind>
<opcode="or(24) " fcode="or"/>
<opset="or_ln9/1 "/>
</bind>
</comp>

<comp id="636" class="1004" name="select_ln9_1_fu_636">
<pin_list>
<pin id="637" dir="0" index="0" bw="1" slack="0"/>
<pin id="638" dir="0" index="1" bw="8" slack="0"/>
<pin id="639" dir="0" index="2" bw="8" slack="0"/>
<pin id="640" dir="1" index="3" bw="8" slack="0"/>
</pin_list>
<bind>
<opcode="select(49) " fcode="select"/>
<opset="select_ln9_1/1 "/>
</bind>
</comp>

<comp id="644" class="1004" name="tmp_1_fu_644">
<pin_list>
<pin id="645" dir="0" index="0" bw="10" slack="0"/>
<pin id="646" dir="0" index="1" bw="17" slack="0"/>
<pin id="647" dir="0" index="2" bw="4" slack="0"/>
<pin id="648" dir="0" index="3" bw="6" slack="0"/>
<pin id="649" dir="1" index="4" bw="10" slack="0"/>
</pin_list>
<bind>
<opcode="partselect(1002) " fcode="partselect"/>
<opset="tmp_1/1 "/>
</bind>
</comp>

<comp id="654" class="1004" name="icmp_ln9_1_fu_654">
<pin_list>
<pin id="655" dir="0" index="0" bw="10" slack="0"/>
<pin id="656" dir="0" index="1" bw="10" slack="0"/>
<pin id="657" dir="1" index="2" bw="1" slack="0"/>
</pin_list>
<bind>
<opcode="icmp(45) " fcode="icmp"/>
<opset="icmp_ln9_1/1 "/>
</bind>
</comp>

<comp id="660" class="1004" name="icmp_ln10_1_fu_660">
<pin_list>
<pin id="661" dir="0" index="0" bw="17" slack="0"/>
<pin id="662" dir="0" index="1" bw="17" slack="0"/>
<pin id="663" dir="1" index="2" bw="1" slack="0"/>
</pin_list>
<bind>
<opcode="icmp(45) " fcode="icmp"/>
<opset="icmp_ln10_1/1 "/>
</bind>
</comp>

<comp id="666" class="1004" name="trunc_ln11_1_fu_666">
<pin_list>
<pin id="667" dir="0" index="0" bw="17" slack="0"/>
<pin id="668" dir="1" index="1" bw="8" slack="0"/>
</pin_list>
<bind>
<opcode="trunc(33) " fcode="trunc"/>
<opset="trunc_ln11_1/1 "/>
</bind>
</comp>

<comp id="670" class="1004" name="select_ln9_2_fu_670">
<pin_list>
<pin id="671" dir="0" index="0" bw="1" slack="0"/>
<pin id="672" dir="0" index="1" bw="8" slack="0"/>
<pin id="673" dir="0" index="2" bw="8" slack="0"/>
<pin id="674" dir="1" index="3" bw="8" slack="0"/>
</pin_list>
<bind>
<opcode="select(49) " fcode="select"/>
<opset="select_ln9_2/1 "/>
</bind>
</comp>

<comp id="678" class="1004" name="or_ln9_1_fu_678">
<pin_list>
<pin id="679" dir="0" index="0" bw="1" slack="0"/>
<pin id="680" dir="0" index="1" bw="1" slack="0"/>
<pin id="681" dir="1" index="2" bw="1" slack="0"/>
</pin_list>
<bind>
<opcode="or(24) " fcode="or"/>
<opset="or_ln9_1/1 "/>
</bind>
</comp>

<comp id="684" class="1004" name="select_ln9_3_fu_684">
<pin_list>
<pin id="685" dir="0" index="0" bw="1" slack="0"/>
<pin id="686" dir="0" index="1" bw="8" slack="0"/>
<pin id="687" dir="0" index="2" bw="8" slack="0"/>
<pin id="688" dir="1" index="3" bw="8" slack="0"/>
</pin_list>
<bind>
<opcode="select(49) " fcode="select"/>
<opset="select_ln9_3/1 "/>
</bind>
</comp>

<comp id="692" class="1004" name="tmp_2_fu_692">
<pin_list>
<pin id="693" dir="0" index="0" bw="10" slack="0"/>
<pin id="694" dir="0" index="1" bw="17" slack="0"/>
<pin id="695" dir="0" index="2" bw="4" slack="0"/>
<pin id="696" dir="0" index="3" bw="6" slack="0"/>
<pin id="697" dir="1" index="4" bw="10" slack="0"/>
</pin_list>
<bind>
<opcode="partselect(1002) " fcode="partselect"/>
<opset="tmp_2/1 "/>
</bind>
</comp>

<comp id="702" class="1004" name="icmp_ln9_2_fu_702">
<pin_list>
<pin id="703" dir="0" index="0" bw="10" slack="0"/>
<pin id="704" dir="0" index="1" bw="10" slack="0"/>
<pin id="705" dir="1" index="2" bw="1" slack="0"/>
</pin_list>
<bind>
<opcode="icmp(45) " fcode="icmp"/>
<opset="icmp_ln9_2/1 "/>
</bind>
</comp>

<comp id="708" class="1004" name="icmp_ln10_2_fu_708">
<pin_list>
<pin id="709" dir="0" index="0" bw="17" slack="0"/>
<pin id="710" dir="0" index="1" bw="17" slack="0"/>
<pin id="711" dir="1" index="2" bw="1" slack="0"/>
</pin_list>
<bind>
<opcode="icmp(45) " fcode="icmp"/>
<opset="icmp_ln10_2/1 "/>
</bind>
</comp>

<comp id="714" class="1004" name="trunc_ln11_2_fu_714">
<pin_list>
<pin id="715" dir="0" index="0" bw="17" slack="0"/>
<pin id="716" dir="1" index="1" bw="8" slack="0"/>
</pin_list>
<bind>
<opcode="trunc(33) " fcode="trunc"/>
<opset="trunc_ln11_2/1 "/>
</bind>
</comp>

<comp id="718" class="1004" name="select_ln9_4_fu_718">
<pin_list>
<pin id="719" dir="0" index="0" bw="1" slack="0"/>
<pin id="720" dir="0" index="1" bw="8" slack="0"/>
<pin id="721" dir="0" index="2" bw="8" slack="0"/>
<pin id="722" dir="1" index="3" bw="8" slack="0"/>
</pin_list>
<bind>
<opcode="select(49) " fcode="select"/>
<opset="select_ln9_4/1 "/>
</bind>
</comp>

<comp id="726" class="1004" name="or_ln9_2_fu_726">
<pin_list>
<pin id="727" dir="0" index="0" bw="1" slack="0"/>
<pin id="728" dir="0" index="1" bw="1" slack="0"/>
<pin id="729" dir="1" index="2" bw="1" slack="0"/>
</pin_list>
<bind>
<opcode="or(24) " fcode="or"/>
<opset="or_ln9_2/1 "/>
</bind>
</comp>

<comp id="732" class="1004" name="select_ln9_5_fu_732">
<pin_list>
<pin id="733" dir="0" index="0" bw="1" slack="0"/>
<pin id="734" dir="0" index="1" bw="8" slack="0"/>
<pin id="735" dir="0" index="2" bw="8" slack="0"/>
<pin id="736" dir="1" index="3" bw="8" slack="0"/>
</pin_list>
<bind>
<opcode="select(49) " fcode="select"/>
<opset="select_ln9_5/1 "/>
</bind>
</comp>

<comp id="740" class="1004" name="tmp_3_fu_740">
<pin_list>
<pin id="741" dir="0" index="0" bw="10" slack="0"/>
<pin id="742" dir="0" index="1" bw="17" slack="0"/>
<pin id="743" dir="0" index="2" bw="4" slack="0"/>
<pin id="744" dir="0" index="3" bw="6" slack="0"/>
<pin id="745" dir="1" index="4" bw="10" slack="0"/>
</pin_list>
<bind>
<opcode="partselect(1002) " fcode="partselect"/>
<opset="tmp_3/1 "/>
</bind>
</comp>

<comp id="750" class="1004" name="icmp_ln9_3_fu_750">
<pin_list>
<pin id="751" dir="0" index="0" bw="10" slack="0"/>
<pin id="752" dir="0" index="1" bw="10" slack="0"/>
<pin id="753" dir="1" index="2" bw="1" slack="0"/>
</pin_list>
<bind>
<opcode="icmp(45) " fcode="icmp"/>
<opset="icmp_ln9_3/1 "/>
</bind>
</comp>

<comp id="756" class="1004" name="icmp_ln10_3_fu_756">
<pin_list>
<pin id="757" dir="0" index="0" bw="17" slack="0"/>
<pin id="758" dir="0" index="1" bw="17" slack="0"/>
<pin id="759" dir="1" index="2" bw="1" slack="0"/>
</pin_list>
<bind>
<opcode="icmp(45) " fcode="icmp"/>
<opset="icmp_ln10_3/1 "/>
</bind>
</comp>

<comp id="762" class="1004" name="trunc_ln11_3_fu_762">
<pin_list>
<pin id="763" dir="0" index="0" bw="17" slack="0"/>
<pin id="764" dir="1" index="1" bw="8" slack="0"/>
</pin_list>
<bind>
<opcode="trunc(33) " fcode="trunc"/>
<opset="trunc_ln11_3/1 "/>
</bind>
</comp>

<comp id="766" class="1004" name="select_ln9_6_fu_766">
<pin_list>
<pin id="767" dir="0" index="0" bw="1" slack="0"/>
<pin id="768" dir="0" index="1" bw="8" slack="0"/>
<pin id="769" dir="0" index="2" bw="8" slack="0"/>
<pin id="770" dir="1" index="3" bw="8" slack="0"/>
</pin_list>
<bind>
<opcode="select(49) " fcode="select"/>
<opset="select_ln9_6/1 "/>
</bind>
</comp>

<comp id="774" class="1004" name="or_ln9_3_fu_774">
<pin_list>
<pin id="775" dir="0" index="0" bw="1" slack="0"/>
<pin id="776" dir="0" index="1" bw="1" slack="0"/>
<pin id="777" dir="1" index="2" bw="1" slack="0"/>
</pin_list>
<bind>
<opcode="or(24) " fcode="or"/>
<opset="or_ln9_3/1 "/>
</bind>
</comp>

<comp id="780" class="1004" name="select_ln9_7_fu_780">
<pin_list>
<pin id="781" dir="0" index="0" bw="1" slack="0"/>
<pin id="782" dir="0" index="1" bw="8" slack="0"/>
<pin id="783" dir="0" index="2" bw="8" slack="0"/>
<pin id="784" dir="1" index="3" bw="8" slack="0"/>
</pin_list>
<bind>
<opcode="select(49) " fcode="select"/>
<opset="select_ln9_7/1 "/>
</bind>
</comp>

<comp id="788" class="1004" name="tmp_4_fu_788">
<pin_list>
<pin id="789" dir="0" index="0" bw="10" slack="0"/>
<pin id="790" dir="0" index="1" bw="17" slack="0"/>
<pin id="791" dir="0" index="2" bw="4" slack="0"/>
<pin id="792" dir="0" index="3" bw="6" slack="0"/>
<pin id="793" dir="1" index="4" bw="10" slack="0"/>
</pin_list>
<bind>
<opcode="partselect(1002) " fcode="partselect"/>
<opset="tmp_4/1 "/>
</bind>
</comp>

<comp id="798" class="1004" name="icmp_ln9_4_fu_798">
<pin_list>
<pin id="799" dir="0" index="0" bw="10" slack="0"/>
<pin id="800" dir="0" index="1" bw="10" slack="0"/>
<pin id="801" dir="1" index="2" bw="1" slack="0"/>
</pin_list>
<bind>
<opcode="icmp(45) " fcode="icmp"/>
<opset="icmp_ln9_4/1 "/>
</bind>
</comp>

<comp id="804" class="1004" name="icmp_ln10_4_fu_804">
<pin_list>
<pin id="805" dir="0" index="0" bw="17" slack="0"/>
<pin id="806" dir="0" index="1" bw="17" slack="0"/>
<pin id="807" dir="1" index="2" bw="1" slack="0"/>
</pin_list>
<bind>
<opcode="icmp(45) " fcode="icmp"/>
<opset="icmp_ln10_4/1 "/>
</bind>
</comp>

<comp id="810" class="1004" name="trunc_ln11_4_fu_810">
<pin_list>
<pin id="811" dir="0" index="0" bw="17" slack="0"/>
<pin id="812" dir="1" index="1" bw="8" slack="0"/>
</pin_list>
<bind>
<opcode="trunc(33) " fcode="trunc"/>
<opset="trunc_ln11_4/1 "/>
</bind>
</comp>

<comp id="814" class="1004" name="select_ln9_8_fu_814">
<pin_list>
<pin id="815" dir="0" index="0" bw="1" slack="0"/>
<pin id="816" dir="0" index="1" bw="8" slack="0"/>
<pin id="817" dir="0" index="2" bw="8" slack="0"/>
<pin id="818" dir="1" index="3" bw="8" slack="0"/>
</pin_list>
<bind>
<opcode="select(49) " fcode="select"/>
<opset="select_ln9_8/1 "/>
</bind>
</comp>

<comp id="822" class="1004" name="or_ln9_4_fu_822">
<pin_list>
<pin id="823" dir="0" index="0" bw="1" slack="0"/>
<pin id="824" dir="0" index="1" bw="1" slack="0"/>
<pin id="825" dir="1" index="2" bw="1" slack="0"/>
</pin_list>
<bind>
<opcode="or(24) " fcode="or"/>
<opset="or_ln9_4/1 "/>
</bind>
</comp>

<comp id="828" class="1004" name="select_ln9_9_fu_828">
<pin_list>
<pin id="829" dir="0" index="0" bw="1" slack="0"/>
<pin id="830" dir="0" index="1" bw="8" slack="0"/>
<pin id="831" dir="0" index="2" bw="8" slack="0"/>
<pin id="832" dir="1" index="3" bw="8" slack="0"/>
</pin_list>
<bind>
<opcode="select(49) " fcode="select"/>
<opset="select_ln9_9/1 "/>
</bind>
</comp>

<comp id="836" class="1004" name="tmp_5_fu_836">
<pin_list>
<pin id="837" dir="0" index="0" bw="10" slack="0"/>
<pin id="838" dir="0" index="1" bw="17" slack="0"/>
<pin id="839" dir="0" index="2" bw="4" slack="0"/>
<pin id="840" dir="0" index="3" bw="6" slack="0"/>
<pin id="841" dir="1" index="4" bw="10" slack="0"/>
</pin_list>
<bind>
<opcode="partselect(1002) " fcode="partselect"/>
<opset="tmp_5/1 "/>
</bind>
</comp>

<comp id="846" class="1004" name="icmp_ln9_5_fu_846">
<pin_list>
<pin id="847" dir="0" index="0" bw="10" slack="0"/>
<pin id="848" dir="0" index="1" bw="10" slack="0"/>
<pin id="849" dir="1" index="2" bw="1" slack="0"/>
</pin_list>
<bind>
<opcode="icmp(45) " fcode="icmp"/>
<opset="icmp_ln9_5/1 "/>
</bind>
</comp>

<comp id="852" class="1004" name="icmp_ln10_5_fu_852">
<pin_list>
<pin id="853" dir="0" index="0" bw="17" slack="0"/>
<pin id="854" dir="0" index="1" bw="17" slack="0"/>
<pin id="855" dir="1" index="2" bw="1" slack="0"/>
</pin_list>
<bind>
<opcode="icmp(45) " fcode="icmp"/>
<opset="icmp_ln10_5/1 "/>
</bind>
</comp>

<comp id="858" class="1004" name="trunc_ln11_5_fu_858">
<pin_list>
<pin id="859" dir="0" index="0" bw="17" slack="0"/>
<pin id="860" dir="1" index="1" bw="8" slack="0"/>
</pin_list>
<bind>
<opcode="trunc(33) " fcode="trunc"/>
<opset="trunc_ln11_5/1 "/>
</bind>
</comp>

<comp id="862" class="1004" name="select_ln9_10_fu_862">
<pin_list>
<pin id="863" dir="0" index="0" bw="1" slack="0"/>
<pin id="864" dir="0" index="1" bw="8" slack="0"/>
<pin id="865" dir="0" index="2" bw="8" slack="0"/>
<pin id="866" dir="1" index="3" bw="8" slack="0"/>
</pin_list>
<bind>
<opcode="select(49) " fcode="select"/>
<opset="select_ln9_10/1 "/>
</bind>
</comp>

<comp id="870" class="1004" name="or_ln9_5_fu_870">
<pin_list>
<pin id="871" dir="0" index="0" bw="1" slack="0"/>
<pin id="872" dir="0" index="1" bw="1" slack="0"/>
<pin id="873" dir="1" index="2" bw="1" slack="0"/>
</pin_list>
<bind>
<opcode="or(24) " fcode="or"/>
<opset="or_ln9_5/1 "/>
</bind>
</comp>

<comp id="876" class="1004" name="select_ln9_11_fu_876">
<pin_list>
<pin id="877" dir="0" index="0" bw="1" slack="0"/>
<pin id="878" dir="0" index="1" bw="8" slack="0"/>
<pin id="879" dir="0" index="2" bw="8" slack="0"/>
<pin id="880" dir="1" index="3" bw="8" slack="0"/>
</pin_list>
<bind>
<opcode="select(49) " fcode="select"/>
<opset="select_ln9_11/1 "/>
</bind>
</comp>

<comp id="884" class="1004" name="tmp_6_fu_884">
<pin_list>
<pin id="885" dir="0" index="0" bw="10" slack="0"/>
<pin id="886" dir="0" index="1" bw="17" slack="0"/>
<pin id="887" dir="0" index="2" bw="4" slack="0"/>
<pin id="888" dir="0" index="3" bw="6" slack="0"/>
<pin id="889" dir="1" index="4" bw="10" slack="0"/>
</pin_list>
<bind>
<opcode="partselect(1002) " fcode="partselect"/>
<opset="tmp_6/1 "/>
</bind>
</comp>

<comp id="894" class="1004" name="icmp_ln9_6_fu_894">
<pin_list>
<pin id="895" dir="0" index="0" bw="10" slack="0"/>
<pin id="896" dir="0" index="1" bw="10" slack="0"/>
<pin id="897" dir="1" index="2" bw="1" slack="0"/>
</pin_list>
<bind>
<opcode="icmp(45) " fcode="icmp"/>
<opset="icmp_ln9_6/1 "/>
</bind>
</comp>

<comp id="900" class="1004" name="icmp_ln10_6_fu_900">
<pin_list>
<pin id="901" dir="0" index="0" bw="17" slack="0"/>
<pin id="902" dir="0" index="1" bw="17" slack="0"/>
<pin id="903" dir="1" index="2" bw="1" slack="0"/>
</pin_list>
<bind>
<opcode="icmp(45) " fcode="icmp"/>
<opset="icmp_ln10_6/1 "/>
</bind>
</comp>

<comp id="906" class="1004" name="trunc_ln11_6_fu_906">
<pin_list>
<pin id="907" dir="0" index="0" bw="17" slack="0"/>
<pin id="908" dir="1" index="1" bw="8" slack="0"/>
</pin_list>
<bind>
<opcode="trunc(33) " fcode="trunc"/>
<opset="trunc_ln11_6/1 "/>
</bind>
</comp>

<comp id="910" class="1004" name="select_ln9_12_fu_910">
<pin_list>
<pin id="911" dir="0" index="0" bw="1" slack="0"/>
<pin id="912" dir="0" index="1" bw="8" slack="0"/>
<pin id="913" dir="0" index="2" bw="8" slack="0"/>
<pin id="914" dir="1" index="3" bw="8" slack="0"/>
</pin_list>
<bind>
<opcode="select(49) " fcode="select"/>
<opset="select_ln9_12/1 "/>
</bind>
</comp>

<comp id="918" class="1004" name="or_ln9_6_fu_918">
<pin_list>
<pin id="919" dir="0" index="0" bw="1" slack="0"/>
<pin id="920" dir="0" index="1" bw="1" slack="0"/>
<pin id="921" dir="1" index="2" bw="1" slack="0"/>
</pin_list>
<bind>
<opcode="or(24) " fcode="or"/>
<opset="or_ln9_6/1 "/>
</bind>
</comp>

<comp id="924" class="1004" name="select_ln9_13_fu_924">
<pin_list>
<pin id="925" dir="0" index="0" bw="1" slack="0"/>
<pin id="926" dir="0" index="1" bw="8" slack="0"/>
<pin id="927" dir="0" index="2" bw="8" slack="0"/>
<pin id="928" dir="1" index="3" bw="8" slack="0"/>
</pin_list>
<bind>
<opcode="select(49) " fcode="select"/>
<opset="select_ln9_13/1 "/>
</bind>
</comp>

<comp id="932" class="1004" name="tmp_7_fu_932">
<pin_list>
<pin id="933" dir="0" index="0" bw="10" slack="0"/>
<pin id="934" dir="0" index="1" bw="17" slack="0"/>
<pin id="935" dir="0" index="2" bw="4" slack="0"/>
<pin id="936" dir="0" index="3" bw="6" slack="0"/>
<pin id="937" dir="1" index="4" bw="10" slack="0"/>
</pin_list>
<bind>
<opcode="partselect(1002) " fcode="partselect"/>
<opset="tmp_7/1 "/>
</bind>
</comp>

<comp id="942" class="1004" name="icmp_ln9_7_fu_942">
<pin_list>
<pin id="943" dir="0" index="0" bw="10" slack="0"/>
<pin id="944" dir="0" index="1" bw="10" slack="0"/>
<pin id="945" dir="1" index="2" bw="1" slack="0"/>
</pin_list>
<bind>
<opcode="icmp(45) " fcode="icmp"/>
<opset="icmp_ln9_7/1 "/>
</bind>
</comp>

<comp id="948" class="1004" name="icmp_ln10_7_fu_948">
<pin_list>
<pin id="949" dir="0" index="0" bw="17" slack="0"/>
<pin id="950" dir="0" index="1" bw="17" slack="0"/>
<pin id="951" dir="1" index="2" bw="1" slack="0"/>
</pin_list>
<bind>
<opcode="icmp(45) " fcode="icmp"/>
<opset="icmp_ln10_7/1 "/>
</bind>
</comp>

<comp id="954" class="1004" name="trunc_ln11_7_fu_954">
<pin_list>
<pin id="955" dir="0" index="0" bw="17" slack="0"/>
<pin id="956" dir="1" index="1" bw="8" slack="0"/>
</pin_list>
<bind>
<opcode="trunc(33) " fcode="trunc"/>
<opset="trunc_ln11_7/1 "/>
</bind>
</comp>

<comp id="958" class="1004" name="select_ln9_14_fu_958">
<pin_list>
<pin id="959" dir="0" index="0" bw="1" slack="0"/>
<pin id="960" dir="0" index="1" bw="8" slack="0"/>
<pin id="961" dir="0" index="2" bw="8" slack="0"/>
<pin id="962" dir="1" index="3" bw="8" slack="0"/>
</pin_list>
<bind>
<opcode="select(49) " fcode="select"/>
<opset="select_ln9_14/1 "/>
</bind>
</comp>

<comp id="966" class="1004" name="or_ln9_7_fu_966">
<pin_list>
<pin id="967" dir="0" index="0" bw="1" slack="0"/>
<pin id="968" dir="0" index="1" bw="1" slack="0"/>
<pin id="969" dir="1" index="2" bw="1" slack="0"/>
</pin_list>
<bind>
<opcode="or(24) " fcode="or"/>
<opset="or_ln9_7/1 "/>
</bind>
</comp>

<comp id="972" class="1004" name="select_ln9_15_fu_972">
<pin_list>
<pin id="973" dir="0" index="0" bw="1" slack="0"/>
<pin id="974" dir="0" index="1" bw="8" slack="0"/>
<pin id="975" dir="0" index="2" bw="8" slack="0"/>
<pin id="976" dir="1" index="3" bw="8" slack="0"/>
</pin_list>
<bind>
<opcode="select(49) " fcode="select"/>
<opset="select_ln9_15/1 "/>
</bind>
</comp>

<comp id="980" class="1004" name="add_ln228_fu_980">
<pin_list>
<pin id="981" dir="0" index="0" bw="17" slack="0"/>
<pin id="982" dir="0" index="1" bw="17" slack="0"/>
<pin id="983" dir="1" index="2" bw="18" slack="0"/>
</pin_list>
<bind>
<opcode="add(8) " fcode="add"/>
<opset="add_ln228/1 "/>
</bind>
</comp>

<comp id="986" class="1004" name="tmp_8_fu_986">
<pin_list>
<pin id="987" dir="0" index="0" bw="17" slack="0"/>
<pin id="988" dir="0" index="1" bw="18" slack="0"/>
<pin id="989" dir="0" index="2" bw="1" slack="0"/>
<pin id="990" dir="0" index="3" bw="6" slack="0"/>
<pin id="991" dir="1" index="4" bw="17" slack="0"/>
</pin_list>
<bind>
<opcode="partselect(1002) " fcode="partselect"/>
<opset="tmp_8/1 "/>
</bind>
</comp>

<comp id="996" class="1004" name="sext_ln228_fu_996">
<pin_list>
<pin id="997" dir="0" index="0" bw="17" slack="0"/>
<pin id="998" dir="1" index="1" bw="32" slack="0"/>
</pin_list>
<bind>
<opcode="sext(35) " fcode="sext"/>
<opset="sext_ln228/1 "/>
</bind>
</comp>

<comp id="1000" class="1004" name="add_ln228_1_fu_1000">
<pin_list>
<pin id="1001" dir="0" index="0" bw="17" slack="0"/>
<pin id="1002" dir="0" index="1" bw="16" slack="0"/>
<pin id="1003" dir="1" index="2" bw="32" slack="0"/>
</pin_list>
<bind>
<opcode="add(8) " fcode="add"/>
<opset="add_ln228_1/1 "/>
</bind>
</comp>

<comp id="1006" class="1004" name="tmp_9_fu_1006">
<pin_list>
<pin id="1007" dir="0" index="0" bw="25" slack="0"/>
<pin id="1008" dir="0" index="1" bw="18" slack="0"/>
<pin id="1009" dir="0" index="2" bw="4" slack="0"/>
<pin id="1010" dir="0" index="3" bw="6" slack="0"/>
<pin id="1011" dir="1" index="4" bw="25" slack="0"/>
</pin_list>
<bind>
<opcode="partselect(1002) " fcode="partselect"/>
<opset="tmp_9/1 "/>
</bind>
</comp>

<comp id="1016" class="1004" name="icmp_ln9_8_fu_1016">
<pin_list>
<pin id="1017" dir="0" index="0" bw="25" slack="0"/>
<pin id="1018" dir="0" index="1" bw="25" slack="0"/>
<pin id="1019" dir="1" index="2" bw="1" slack="0"/>
</pin_list>
<bind>
<opcode="icmp(45) " fcode="icmp"/>
<opset="icmp_ln9_8/1 "/>
</bind>
</comp>

<comp id="1022" class="1004" name="icmp_ln10_8_fu_1022">
<pin_list>
<pin id="1023" dir="0" index="0" bw="18" slack="0"/>
<pin id="1024" dir="0" index="1" bw="18" slack="0"/>
<pin id="1025" dir="1" index="2" bw="1" slack="0"/>
</pin_list>
<bind>
<opcode="icmp(45) " fcode="icmp"/>
<opset="icmp_ln10_8/1 "/>
</bind>
</comp>

<comp id="1028" class="1004" name="trunc_ln11_8_fu_1028">
<pin_list>
<pin id="1029" dir="0" index="0" bw="18" slack="0"/>
<pin id="1030" dir="1" index="1" bw="8" slack="0"/>
</pin_list>
<bind>
<opcode="trunc(33) " fcode="trunc"/>
<opset="trunc_ln11_8/1 "/>
</bind>
</comp>

<comp id="1032" class="1004" name="select_ln9_16_fu_1032">
<pin_list>
<pin id="1033" dir="0" index="0" bw="1" slack="0"/>
<pin id="1034" dir="0" index="1" bw="8" slack="0"/>
<pin id="1035" dir="0" index="2" bw="8" slack="0"/>
<pin id="1036" dir="1" index="3" bw="8" slack="0"/>
</pin_list>
<bind>
<opcode="select(49) " fcode="select"/>
<opset="select_ln9_16/1 "/>
</bind>
</comp>

<comp id="1040" class="1004" name="or_ln9_8_fu_1040">
<pin_list>
<pin id="1041" dir="0" index="0" bw="1" slack="0"/>
<pin id="1042" dir="0" index="1" bw="1" slack="0"/>
<pin id="1043" dir="1" index="2" bw="1" slack="0"/>
</pin_list>
<bind>
<opcode="or(24) " fcode="or"/>
<opset="or_ln9_8/1 "/>
</bind>
</comp>

<comp id="1046" class="1004" name="select_ln9_17_fu_1046">
<pin_list>
<pin id="1047" dir="0" index="0" bw="1" slack="0"/>
<pin id="1048" dir="0" index="1" bw="8" slack="0"/>
<pin id="1049" dir="0" index="2" bw="8" slack="0"/>
<pin id="1050" dir="1" index="3" bw="8" slack="0"/>
</pin_list>
<bind>
<opcode="select(49) " fcode="select"/>
<opset="select_ln9_17/1 "/>
</bind>
</comp>

<comp id="1054" class="1004" name="add_ln229_fu_1054">
<pin_list>
<pin id="1055" dir="0" index="0" bw="17" slack="0"/>
<pin id="1056" dir="0" index="1" bw="17" slack="0"/>
<pin id="1057" dir="1" index="2" bw="18" slack="0"/>
</pin_list>
<bind>
<opcode="add(8) " fcode="add"/>
<opset="add_ln229/1 "/>
</bind>
</comp>

<comp id="1060" class="1004" name="tmp_10_fu_1060">
<pin_list>
<pin id="1061" dir="0" index="0" bw="17" slack="0"/>
<pin id="1062" dir="0" index="1" bw="18" slack="0"/>
<pin id="1063" dir="0" index="2" bw="1" slack="0"/>
<pin id="1064" dir="0" index="3" bw="6" slack="0"/>
<pin id="1065" dir="1" index="4" bw="17" slack="0"/>
</pin_list>
<bind>
<opcode="partselect(1002) " fcode="partselect"/>
<opset="tmp_10/1 "/>
</bind>
</comp>

<comp id="1070" class="1004" name="sext_ln229_fu_1070">
<pin_list>
<pin id="1071" dir="0" index="0" bw="17" slack="0"/>
<pin id="1072" dir="1" index="1" bw="32" slack="0"/>
</pin_list>
<bind>
<opcode="sext(35) " fcode="sext"/>
<opset="sext_ln229/1 "/>
</bind>
</comp>

<comp id="1074" class="1004" name="add_ln229_1_fu_1074">
<pin_list>
<pin id="1075" dir="0" index="0" bw="17" slack="0"/>
<pin id="1076" dir="0" index="1" bw="16" slack="0"/>
<pin id="1077" dir="1" index="2" bw="32" slack="0"/>
</pin_list>
<bind>
<opcode="add(8) " fcode="add"/>
<opset="add_ln229_1/1 "/>
</bind>
</comp>

<comp id="1080" class="1004" name="tmp_11_fu_1080">
<pin_list>
<pin id="1081" dir="0" index="0" bw="25" slack="0"/>
<pin id="1082" dir="0" index="1" bw="18" slack="0"/>
<pin id="1083" dir="0" index="2" bw="4" slack="0"/>
<pin id="1084" dir="0" index="3" bw="6" slack="0"/>
<pin id="1085" dir="1" index="4" bw="25" slack="0"/>
</pin_list>
<bind>
<opcode="partselect(1002) " fcode="partselect"/>
<opset="tmp_11/1 "/>
</bind>
</comp>

<comp id="1090" class="1004" name="icmp_ln9_9_fu_1090">
<pin_list>
<pin id="1091" dir="0" index="0" bw="25" slack="0"/>
<pin id="1092" dir="0" index="1" bw="25" slack="0"/>
<pin id="1093" dir="1" index="2" bw="1" slack="0"/>
</pin_list>
<bind>
<opcode="icmp(45) " fcode="icmp"/>
<opset="icmp_ln9_9/1 "/>
</bind>
</comp>

<comp id="1096" class="1004" name="icmp_ln10_9_fu_1096">
<pin_list>
<pin id="1097" dir="0" index="0" bw="18" slack="0"/>
<pin id="1098" dir="0" index="1" bw="18" slack="0"/>
<pin id="1099" dir="1" index="2" bw="1" slack="0"/>
</pin_list>
<bind>
<opcode="icmp(45) " fcode="icmp"/>
<opset="icmp_ln10_9/1 "/>
</bind>
</comp>

<comp id="1102" class="1004" name="trunc_ln11_9_fu_1102">
<pin_list>
<pin id="1103" dir="0" index="0" bw="18" slack="0"/>
<pin id="1104" dir="1" index="1" bw="8" slack="0"/>
</pin_list>
<bind>
<opcode="trunc(33) " fcode="trunc"/>
<opset="trunc_ln11_9/1 "/>
</bind>
</comp>

<comp id="1106" class="1004" name="select_ln9_18_fu_1106">
<pin_list>
<pin id="1107" dir="0" index="0" bw="1" slack="0"/>
<pin id="1108" dir="0" index="1" bw="8" slack="0"/>
<pin id="1109" dir="0" index="2" bw="8" slack="0"/>
<pin id="1110" dir="1" index="3" bw="8" slack="0"/>
</pin_list>
<bind>
<opcode="select(49) " fcode="select"/>
<opset="select_ln9_18/1 "/>
</bind>
</comp>

<comp id="1114" class="1004" name="or_ln9_9_fu_1114">
<pin_list>
<pin id="1115" dir="0" index="0" bw="1" slack="0"/>
<pin id="1116" dir="0" index="1" bw="1" slack="0"/>
<pin id="1117" dir="1" index="2" bw="1" slack="0"/>
</pin_list>
<bind>
<opcode="or(24) " fcode="or"/>
<opset="or_ln9_9/1 "/>
</bind>
</comp>

<comp id="1120" class="1004" name="select_ln9_19_fu_1120">
<pin_list>
<pin id="1121" dir="0" index="0" bw="1" slack="0"/>
<pin id="1122" dir="0" index="1" bw="8" slack="0"/>
<pin id="1123" dir="0" index="2" bw="8" slack="0"/>
<pin id="1124" dir="1" index="3" bw="8" slack="0"/>
</pin_list>
<bind>
<opcode="select(49) " fcode="select"/>
<opset="select_ln9_19/1 "/>
</bind>
</comp>

<comp id="1128" class="1004" name="add_ln230_fu_1128">
<pin_list>
<pin id="1129" dir="0" index="0" bw="17" slack="0"/>
<pin id="1130" dir="0" index="1" bw="17" slack="0"/>
<pin id="1131" dir="1" index="2" bw="18" slack="0"/>
</pin_list>
<bind>
<opcode="add(8) " fcode="add"/>
<opset="add_ln230/1 "/>
</bind>
</comp>

<comp id="1134" class="1004" name="tmp_12_fu_1134">
<pin_list>
<pin id="1135" dir="0" index="0" bw="17" slack="0"/>
<pin id="1136" dir="0" index="1" bw="18" slack="0"/>
<pin id="1137" dir="0" index="2" bw="1" slack="0"/>
<pin id="1138" dir="0" index="3" bw="6" slack="0"/>
<pin id="1139" dir="1" index="4" bw="17" slack="0"/>
</pin_list>
<bind>
<opcode="partselect(1002) " fcode="partselect"/>
<opset="tmp_12/1 "/>
</bind>
</comp>

<comp id="1144" class="1004" name="sext_ln230_fu_1144">
<pin_list>
<pin id="1145" dir="0" index="0" bw="17" slack="0"/>
<pin id="1146" dir="1" index="1" bw="32" slack="0"/>
</pin_list>
<bind>
<opcode="sext(35) " fcode="sext"/>
<opset="sext_ln230/1 "/>
</bind>
</comp>

<comp id="1148" class="1004" name="add_ln230_1_fu_1148">
<pin_list>
<pin id="1149" dir="0" index="0" bw="17" slack="0"/>
<pin id="1150" dir="0" index="1" bw="16" slack="0"/>
<pin id="1151" dir="1" index="2" bw="32" slack="0"/>
</pin_list>
<bind>
<opcode="add(8) " fcode="add"/>
<opset="add_ln230_1/1 "/>
</bind>
</comp>

<comp id="1154" class="1004" name="tmp_13_fu_1154">
<pin_list>
<pin id="1155" dir="0" index="0" bw="25" slack="0"/>
<pin id="1156" dir="0" index="1" bw="18" slack="0"/>
<pin id="1157" dir="0" index="2" bw="4" slack="0"/>
<pin id="1158" dir="0" index="3" bw="6" slack="0"/>
<pin id="1159" dir="1" index="4" bw="25" slack="0"/>
</pin_list>
<bind>
<opcode="partselect(1002) " fcode="partselect"/>
<opset="tmp_13/1 "/>
</bind>
</comp>

<comp id="1164" class="1004" name="icmp_ln9_10_fu_1164">
<pin_list>
<pin id="1165" dir="0" index="0" bw="25" slack="0"/>
<pin id="1166" dir="0" index="1" bw="25" slack="0"/>
<pin id="1167" dir="1" index="2" bw="1" slack="0"/>
</pin_list>
<bind>
<opcode="icmp(45) " fcode="icmp"/>
<opset="icmp_ln9_10/1 "/>
</bind>
</comp>

<comp id="1170" class="1004" name="icmp_ln10_10_fu_1170">
<pin_list>
<pin id="1171" dir="0" index="0" bw="18" slack="0"/>
<pin id="1172" dir="0" index="1" bw="18" slack="0"/>
<pin id="1173" dir="1" index="2" bw="1" slack="0"/>
</pin_list>
<bind>
<opcode="icmp(45) " fcode="icmp"/>
<opset="icmp_ln10_10/1 "/>
</bind>
</comp>

<comp id="1176" class="1004" name="trunc_ln11_10_fu_1176">
<pin_list>
<pin id="1177" dir="0" index="0" bw="18" slack="0"/>
<pin id="1178" dir="1" index="1" bw="8" slack="0"/>
</pin_list>
<bind>
<opcode="trunc(33) " fcode="trunc"/>
<opset="trunc_ln11_10/1 "/>
</bind>
</comp>

<comp id="1180" class="1004" name="select_ln9_20_fu_1180">
<pin_list>
<pin id="1181" dir="0" index="0" bw="1" slack="0"/>
<pin id="1182" dir="0" index="1" bw="8" slack="0"/>
<pin id="1183" dir="0" index="2" bw="8" slack="0"/>
<pin id="1184" dir="1" index="3" bw="8" slack="0"/>
</pin_list>
<bind>
<opcode="select(49) " fcode="select"/>
<opset="select_ln9_20/1 "/>
</bind>
</comp>

<comp id="1188" class="1004" name="or_ln9_10_fu_1188">
<pin_list>
<pin id="1189" dir="0" index="0" bw="1" slack="0"/>
<pin id="1190" dir="0" index="1" bw="1" slack="0"/>
<pin id="1191" dir="1" index="2" bw="1" slack="0"/>
</pin_list>
<bind>
<opcode="or(24) " fcode="or"/>
<opset="or_ln9_10/1 "/>
</bind>
</comp>

<comp id="1194" class="1004" name="select_ln9_21_fu_1194">
<pin_list>
<pin id="1195" dir="0" index="0" bw="1" slack="0"/>
<pin id="1196" dir="0" index="1" bw="8" slack="0"/>
<pin id="1197" dir="0" index="2" bw="8" slack="0"/>
<pin id="1198" dir="1" index="3" bw="8" slack="0"/>
</pin_list>
<bind>
<opcode="select(49) " fcode="select"/>
<opset="select_ln9_21/1 "/>
</bind>
</comp>

<comp id="1202" class="1004" name="add_ln231_fu_1202">
<pin_list>
<pin id="1203" dir="0" index="0" bw="17" slack="0"/>
<pin id="1204" dir="0" index="1" bw="17" slack="0"/>
<pin id="1205" dir="1" index="2" bw="18" slack="0"/>
</pin_list>
<bind>
<opcode="add(8) " fcode="add"/>
<opset="add_ln231/1 "/>
</bind>
</comp>

<comp id="1208" class="1004" name="tmp_14_fu_1208">
<pin_list>
<pin id="1209" dir="0" index="0" bw="17" slack="0"/>
<pin id="1210" dir="0" index="1" bw="18" slack="0"/>
<pin id="1211" dir="0" index="2" bw="1" slack="0"/>
<pin id="1212" dir="0" index="3" bw="6" slack="0"/>
<pin id="1213" dir="1" index="4" bw="17" slack="0"/>
</pin_list>
<bind>
<opcode="partselect(1002) " fcode="partselect"/>
<opset="tmp_14/1 "/>
</bind>
</comp>

<comp id="1218" class="1004" name="sext_ln231_fu_1218">
<pin_list>
<pin id="1219" dir="0" index="0" bw="17" slack="0"/>
<pin id="1220" dir="1" index="1" bw="32" slack="0"/>
</pin_list>
<bind>
<opcode="sext(35) " fcode="sext"/>
<opset="sext_ln231/1 "/>
</bind>
</comp>

<comp id="1222" class="1004" name="add_ln231_1_fu_1222">
<pin_list>
<pin id="1223" dir="0" index="0" bw="17" slack="0"/>
<pin id="1224" dir="0" index="1" bw="16" slack="0"/>
<pin id="1225" dir="1" index="2" bw="32" slack="0"/>
</pin_list>
<bind>
<opcode="add(8) " fcode="add"/>
<opset="add_ln231_1/1 "/>
</bind>
</comp>

<comp id="1228" class="1004" name="tmp_15_fu_1228">
<pin_list>
<pin id="1229" dir="0" index="0" bw="25" slack="0"/>
<pin id="1230" dir="0" index="1" bw="18" slack="0"/>
<pin id="1231" dir="0" index="2" bw="4" slack="0"/>
<pin id="1232" dir="0" index="3" bw="6" slack="0"/>
<pin id="1233" dir="1" index="4" bw="25" slack="0"/>
</pin_list>
<bind>
<opcode="partselect(1002) " fcode="partselect"/>
<opset="tmp_15/1 "/>
</bind>
</comp>

<comp id="1238" class="1004" name="icmp_ln9_11_fu_1238">
<pin_list>
<pin id="1239" dir="0" index="0" bw="25" slack="0"/>
<pin id="1240" dir="0" index="1" bw="25" slack="0"/>
<pin id="1241" dir="1" index="2" bw="1" slack="0"/>
</pin_list>
<bind>
<opcode="icmp(45) " fcode="icmp"/>
<opset="icmp_ln9_11/1 "/>
</bind>
</comp>

<comp id="1244" class="1004" name="icmp_ln10_11_fu_1244">
<pin_list>
<pin id="1245" dir="0" index="0" bw="18" slack="0"/>
<pin id="1246" dir="0" index="1" bw="18" slack="0"/>
<pin id="1247" dir="1" index="2" bw="1" slack="0"/>
</pin_list>
<bind>
<opcode="icmp(45) " fcode="icmp"/>
<opset="icmp_ln10_11/1 "/>
</bind>
</comp>

<comp id="1250" class="1004" name="trunc_ln11_11_fu_1250">
<pin_list>
<pin id="1251" dir="0" index="0" bw="18" slack="0"/>
<pin id="1252" dir="1" index="1" bw="8" slack="0"/>
</pin_list>
<bind>
<opcode="trunc(33) " fcode="trunc"/>
<opset="trunc_ln11_11/1 "/>
</bind>
</comp>

<comp id="1254" class="1004" name="select_ln9_22_fu_1254">
<pin_list>
<pin id="1255" dir="0" index="0" bw="1" slack="0"/>
<pin id="1256" dir="0" index="1" bw="8" slack="0"/>
<pin id="1257" dir="0" index="2" bw="8" slack="0"/>
<pin id="1258" dir="1" index="3" bw="8" slack="0"/>
</pin_list>
<bind>
<opcode="select(49) " fcode="select"/>
<opset="select_ln9_22/1 "/>
</bind>
</comp>

<comp id="1262" class="1004" name="or_ln9_11_fu_1262">
<pin_list>
<pin id="1263" dir="0" index="0" bw="1" slack="0"/>
<pin id="1264" dir="0" index="1" bw="1" slack="0"/>
<pin id="1265" dir="1" index="2" bw="1" slack="0"/>
</pin_list>
<bind>
<opcode="or(24) " fcode="or"/>
<opset="or_ln9_11/1 "/>
</bind>
</comp>

<comp id="1268" class="1004" name="select_ln9_23_fu_1268">
<pin_list>
<pin id="1269" dir="0" index="0" bw="1" slack="0"/>
<pin id="1270" dir="0" index="1" bw="8" slack="0"/>
<pin id="1271" dir="0" index="2" bw="8" slack="0"/>
<pin id="1272" dir="1" index="3" bw="8" slack="0"/>
</pin_list>
<bind>
<opcode="select(49) " fcode="select"/>
<opset="select_ln9_23/1 "/>
</bind>
</comp>

<comp id="1276" class="1004" name="add_ln232_fu_1276">
<pin_list>
<pin id="1277" dir="0" index="0" bw="17" slack="0"/>
<pin id="1278" dir="0" index="1" bw="17" slack="0"/>
<pin id="1279" dir="1" index="2" bw="18" slack="0"/>
</pin_list>
<bind>
<opcode="add(8) " fcode="add"/>
<opset="add_ln232/1 "/>
</bind>
</comp>

<comp id="1282" class="1004" name="tmp_16_fu_1282">
<pin_list>
<pin id="1283" dir="0" index="0" bw="17" slack="0"/>
<pin id="1284" dir="0" index="1" bw="18" slack="0"/>
<pin id="1285" dir="0" index="2" bw="1" slack="0"/>
<pin id="1286" dir="0" index="3" bw="6" slack="0"/>
<pin id="1287" dir="1" index="4" bw="17" slack="0"/>
</pin_list>
<bind>
<opcode="partselect(1002) " fcode="partselect"/>
<opset="tmp_16/1 "/>
</bind>
</comp>

<comp id="1292" class="1004" name="sext_ln232_fu_1292">
<pin_list>
<pin id="1293" dir="0" index="0" bw="17" slack="0"/>
<pin id="1294" dir="1" index="1" bw="32" slack="0"/>
</pin_list>
<bind>
<opcode="sext(35) " fcode="sext"/>
<opset="sext_ln232/1 "/>
</bind>
</comp>

<comp id="1296" class="1004" name="add_ln232_1_fu_1296">
<pin_list>
<pin id="1297" dir="0" index="0" bw="17" slack="0"/>
<pin id="1298" dir="0" index="1" bw="16" slack="0"/>
<pin id="1299" dir="1" index="2" bw="32" slack="0"/>
</pin_list>
<bind>
<opcode="add(8) " fcode="add"/>
<opset="add_ln232_1/1 "/>
</bind>
</comp>

<comp id="1302" class="1004" name="tmp_17_fu_1302">
<pin_list>
<pin id="1303" dir="0" index="0" bw="25" slack="0"/>
<pin id="1304" dir="0" index="1" bw="18" slack="0"/>
<pin id="1305" dir="0" index="2" bw="4" slack="0"/>
<pin id="1306" dir="0" index="3" bw="6" slack="0"/>
<pin id="1307" dir="1" index="4" bw="25" slack="0"/>
</pin_list>
<bind>
<opcode="partselect(1002) " fcode="partselect"/>
<opset="tmp_17/1 "/>
</bind>
</comp>

<comp id="1312" class="1004" name="icmp_ln9_12_fu_1312">
<pin_list>
<pin id="1313" dir="0" index="0" bw="25" slack="0"/>
<pin id="1314" dir="0" index="1" bw="25" slack="0"/>
<pin id="1315" dir="1" index="2" bw="1" slack="0"/>
</pin_list>
<bind>
<opcode="icmp(45) " fcode="icmp"/>
<opset="icmp_ln9_12/1 "/>
</bind>
</comp>

<comp id="1318" class="1004" name="icmp_ln10_12_fu_1318">
<pin_list>
<pin id="1319" dir="0" index="0" bw="18" slack="0"/>
<pin id="1320" dir="0" index="1" bw="18" slack="0"/>
<pin id="1321" dir="1" index="2" bw="1" slack="0"/>
</pin_list>
<bind>
<opcode="icmp(45) " fcode="icmp"/>
<opset="icmp_ln10_12/1 "/>
</bind>
</comp>

<comp id="1324" class="1004" name="trunc_ln11_12_fu_1324">
<pin_list>
<pin id="1325" dir="0" index="0" bw="18" slack="0"/>
<pin id="1326" dir="1" index="1" bw="8" slack="0"/>
</pin_list>
<bind>
<opcode="trunc(33) " fcode="trunc"/>
<opset="trunc_ln11_12/1 "/>
</bind>
</comp>

<comp id="1328" class="1004" name="select_ln9_24_fu_1328">
<pin_list>
<pin id="1329" dir="0" index="0" bw="1" slack="0"/>
<pin id="1330" dir="0" index="1" bw="8" slack="0"/>
<pin id="1331" dir="0" index="2" bw="8" slack="0"/>
<pin id="1332" dir="1" index="3" bw="8" slack="0"/>
</pin_list>
<bind>
<opcode="select(49) " fcode="select"/>
<opset="select_ln9_24/1 "/>
</bind>
</comp>

<comp id="1336" class="1004" name="or_ln9_12_fu_1336">
<pin_list>
<pin id="1337" dir="0" index="0" bw="1" slack="0"/>
<pin id="1338" dir="0" index="1" bw="1" slack="0"/>
<pin id="1339" dir="1" index="2" bw="1" slack="0"/>
</pin_list>
<bind>
<opcode="or(24) " fcode="or"/>
<opset="or_ln9_12/1 "/>
</bind>
</comp>

<comp id="1342" class="1004" name="select_ln9_25_fu_1342">
<pin_list>
<pin id="1343" dir="0" index="0" bw="1" slack="0"/>
<pin id="1344" dir="0" index="1" bw="8" slack="0"/>
<pin id="1345" dir="0" index="2" bw="8" slack="0"/>
<pin id="1346" dir="1" index="3" bw="8" slack="0"/>
</pin_list>
<bind>
<opcode="select(49) " fcode="select"/>
<opset="select_ln9_25/1 "/>
</bind>
</comp>

<comp id="1350" class="1004" name="add_ln233_fu_1350">
<pin_list>
<pin id="1351" dir="0" index="0" bw="17" slack="0"/>
<pin id="1352" dir="0" index="1" bw="17" slack="0"/>
<pin id="1353" dir="1" index="2" bw="18" slack="0"/>
</pin_list>
<bind>
<opcode="add(8) " fcode="add"/>
<opset="add_ln233/1 "/>
</bind>
</comp>

<comp id="1356" class="1004" name="tmp_18_fu_1356">
<pin_list>
<pin id="1357" dir="0" index="0" bw="17" slack="0"/>
<pin id="1358" dir="0" index="1" bw="18" slack="0"/>
<pin id="1359" dir="0" index="2" bw="1" slack="0"/>
<pin id="1360" dir="0" index="3" bw="6" slack="0"/>
<pin id="1361" dir="1" index="4" bw="17" slack="0"/>
</pin_list>
<bind>
<opcode="partselect(1002) " fcode="partselect"/>
<opset="tmp_18/1 "/>
</bind>
</comp>

<comp id="1366" class="1004" name="sext_ln233_fu_1366">
<pin_list>
<pin id="1367" dir="0" index="0" bw="17" slack="0"/>
<pin id="1368" dir="1" index="1" bw="32" slack="0"/>
</pin_list>
<bind>
<opcode="sext(35) " fcode="sext"/>
<opset="sext_ln233/1 "/>
</bind>
</comp>

<comp id="1370" class="1004" name="add_ln233_1_fu_1370">
<pin_list>
<pin id="1371" dir="0" index="0" bw="17" slack="0"/>
<pin id="1372" dir="0" index="1" bw="16" slack="0"/>
<pin id="1373" dir="1" index="2" bw="32" slack="0"/>
</pin_list>
<bind>
<opcode="add(8) " fcode="add"/>
<opset="add_ln233_1/1 "/>
</bind>
</comp>

<comp id="1376" class="1004" name="tmp_19_fu_1376">
<pin_list>
<pin id="1377" dir="0" index="0" bw="25" slack="0"/>
<pin id="1378" dir="0" index="1" bw="18" slack="0"/>
<pin id="1379" dir="0" index="2" bw="4" slack="0"/>
<pin id="1380" dir="0" index="3" bw="6" slack="0"/>
<pin id="1381" dir="1" index="4" bw="25" slack="0"/>
</pin_list>
<bind>
<opcode="partselect(1002) " fcode="partselect"/>
<opset="tmp_19/1 "/>
</bind>
</comp>

<comp id="1386" class="1004" name="icmp_ln9_13_fu_1386">
<pin_list>
<pin id="1387" dir="0" index="0" bw="25" slack="0"/>
<pin id="1388" dir="0" index="1" bw="25" slack="0"/>
<pin id="1389" dir="1" index="2" bw="1" slack="0"/>
</pin_list>
<bind>
<opcode="icmp(45) " fcode="icmp"/>
<opset="icmp_ln9_13/1 "/>
</bind>
</comp>

<comp id="1392" class="1004" name="icmp_ln10_13_fu_1392">
<pin_list>
<pin id="1393" dir="0" index="0" bw="18" slack="0"/>
<pin id="1394" dir="0" index="1" bw="18" slack="0"/>
<pin id="1395" dir="1" index="2" bw="1" slack="0"/>
</pin_list>
<bind>
<opcode="icmp(45) " fcode="icmp"/>
<opset="icmp_ln10_13/1 "/>
</bind>
</comp>

<comp id="1398" class="1004" name="trunc_ln11_13_fu_1398">
<pin_list>
<pin id="1399" dir="0" index="0" bw="18" slack="0"/>
<pin id="1400" dir="1" index="1" bw="8" slack="0"/>
</pin_list>
<bind>
<opcode="trunc(33) " fcode="trunc"/>
<opset="trunc_ln11_13/1 "/>
</bind>
</comp>

<comp id="1402" class="1004" name="select_ln9_26_fu_1402">
<pin_list>
<pin id="1403" dir="0" index="0" bw="1" slack="0"/>
<pin id="1404" dir="0" index="1" bw="8" slack="0"/>
<pin id="1405" dir="0" index="2" bw="8" slack="0"/>
<pin id="1406" dir="1" index="3" bw="8" slack="0"/>
</pin_list>
<bind>
<opcode="select(49) " fcode="select"/>
<opset="select_ln9_26/1 "/>
</bind>
</comp>

<comp id="1410" class="1004" name="or_ln9_13_fu_1410">
<pin_list>
<pin id="1411" dir="0" index="0" bw="1" slack="0"/>
<pin id="1412" dir="0" index="1" bw="1" slack="0"/>
<pin id="1413" dir="1" index="2" bw="1" slack="0"/>
</pin_list>
<bind>
<opcode="or(24) " fcode="or"/>
<opset="or_ln9_13/1 "/>
</bind>
</comp>

<comp id="1416" class="1004" name="select_ln9_27_fu_1416">
<pin_list>
<pin id="1417" dir="0" index="0" bw="1" slack="0"/>
<pin id="1418" dir="0" index="1" bw="8" slack="0"/>
<pin id="1419" dir="0" index="2" bw="8" slack="0"/>
<pin id="1420" dir="1" index="3" bw="8" slack="0"/>
</pin_list>
<bind>
<opcode="select(49) " fcode="select"/>
<opset="select_ln9_27/1 "/>
</bind>
</comp>

<comp id="1424" class="1004" name="add_ln234_fu_1424">
<pin_list>
<pin id="1425" dir="0" index="0" bw="17" slack="0"/>
<pin id="1426" dir="0" index="1" bw="17" slack="0"/>
<pin id="1427" dir="1" index="2" bw="18" slack="0"/>
</pin_list>
<bind>
<opcode="add(8) " fcode="add"/>
<opset="add_ln234/1 "/>
</bind>
</comp>

<comp id="1430" class="1004" name="tmp_20_fu_1430">
<pin_list>
<pin id="1431" dir="0" index="0" bw="17" slack="0"/>
<pin id="1432" dir="0" index="1" bw="18" slack="0"/>
<pin id="1433" dir="0" index="2" bw="1" slack="0"/>
<pin id="1434" dir="0" index="3" bw="6" slack="0"/>
<pin id="1435" dir="1" index="4" bw="17" slack="0"/>
</pin_list>
<bind>
<opcode="partselect(1002) " fcode="partselect"/>
<opset="tmp_20/1 "/>
</bind>
</comp>

<comp id="1440" class="1004" name="sext_ln234_fu_1440">
<pin_list>
<pin id="1441" dir="0" index="0" bw="17" slack="0"/>
<pin id="1442" dir="1" index="1" bw="32" slack="0"/>
</pin_list>
<bind>
<opcode="sext(35) " fcode="sext"/>
<opset="sext_ln234/1 "/>
</bind>
</comp>

<comp id="1444" class="1004" name="add_ln234_1_fu_1444">
<pin_list>
<pin id="1445" dir="0" index="0" bw="17" slack="0"/>
<pin id="1446" dir="0" index="1" bw="16" slack="0"/>
<pin id="1447" dir="1" index="2" bw="32" slack="0"/>
</pin_list>
<bind>
<opcode="add(8) " fcode="add"/>
<opset="add_ln234_1/1 "/>
</bind>
</comp>

<comp id="1450" class="1004" name="tmp_21_fu_1450">
<pin_list>
<pin id="1451" dir="0" index="0" bw="25" slack="0"/>
<pin id="1452" dir="0" index="1" bw="18" slack="0"/>
<pin id="1453" dir="0" index="2" bw="4" slack="0"/>
<pin id="1454" dir="0" index="3" bw="6" slack="0"/>
<pin id="1455" dir="1" index="4" bw="25" slack="0"/>
</pin_list>
<bind>
<opcode="partselect(1002) " fcode="partselect"/>
<opset="tmp_21/1 "/>
</bind>
</comp>

<comp id="1460" class="1004" name="icmp_ln9_14_fu_1460">
<pin_list>
<pin id="1461" dir="0" index="0" bw="25" slack="0"/>
<pin id="1462" dir="0" index="1" bw="25" slack="0"/>
<pin id="1463" dir="1" index="2" bw="1" slack="0"/>
</pin_list>
<bind>
<opcode="icmp(45) " fcode="icmp"/>
<opset="icmp_ln9_14/1 "/>
</bind>
</comp>

<comp id="1466" class="1004" name="icmp_ln10_14_fu_1466">
<pin_list>
<pin id="1467" dir="0" index="0" bw="18" slack="0"/>
<pin id="1468" dir="0" index="1" bw="18" slack="0"/>
<pin id="1469" dir="1" index="2" bw="1" slack="0"/>
</pin_list>
<bind>
<opcode="icmp(45) " fcode="icmp"/>
<opset="icmp_ln10_14/1 "/>
</bind>
</comp>

<comp id="1472" class="1004" name="trunc_ln11_14_fu_1472">
<pin_list>
<pin id="1473" dir="0" index="0" bw="18" slack="0"/>
<pin id="1474" dir="1" index="1" bw="8" slack="0"/>
</pin_list>
<bind>
<opcode="trunc(33) " fcode="trunc"/>
<opset="trunc_ln11_14/1 "/>
</bind>
</comp>

<comp id="1476" class="1004" name="select_ln9_28_fu_1476">
<pin_list>
<pin id="1477" dir="0" index="0" bw="1" slack="0"/>
<pin id="1478" dir="0" index="1" bw="8" slack="0"/>
<pin id="1479" dir="0" index="2" bw="8" slack="0"/>
<pin id="1480" dir="1" index="3" bw="8" slack="0"/>
</pin_list>
<bind>
<opcode="select(49) " fcode="select"/>
<opset="select_ln9_28/1 "/>
</bind>
</comp>

<comp id="1484" class="1004" name="or_ln9_14_fu_1484">
<pin_list>
<pin id="1485" dir="0" index="0" bw="1" slack="0"/>
<pin id="1486" dir="0" index="1" bw="1" slack="0"/>
<pin id="1487" dir="1" index="2" bw="1" slack="0"/>
</pin_list>
<bind>
<opcode="or(24) " fcode="or"/>
<opset="or_ln9_14/1 "/>
</bind>
</comp>

<comp id="1490" class="1004" name="select_ln9_29_fu_1490">
<pin_list>
<pin id="1491" dir="0" index="0" bw="1" slack="0"/>
<pin id="1492" dir="0" index="1" bw="8" slack="0"/>
<pin id="1493" dir="0" index="2" bw="8" slack="0"/>
<pin id="1494" dir="1" index="3" bw="8" slack="0"/>
</pin_list>
<bind>
<opcode="select(49) " fcode="select"/>
<opset="select_ln9_29/1 "/>
</bind>
</comp>

<comp id="1498" class="1004" name="add_ln235_fu_1498">
<pin_list>
<pin id="1499" dir="0" index="0" bw="17" slack="0"/>
<pin id="1500" dir="0" index="1" bw="17" slack="0"/>
<pin id="1501" dir="1" index="2" bw="18" slack="0"/>
</pin_list>
<bind>
<opcode="add(8) " fcode="add"/>
<opset="add_ln235/1 "/>
</bind>
</comp>

<comp id="1504" class="1004" name="tmp_22_fu_1504">
<pin_list>
<pin id="1505" dir="0" index="0" bw="17" slack="0"/>
<pin id="1506" dir="0" index="1" bw="18" slack="0"/>
<pin id="1507" dir="0" index="2" bw="1" slack="0"/>
<pin id="1508" dir="0" index="3" bw="6" slack="0"/>
<pin id="1509" dir="1" index="4" bw="17" slack="0"/>
</pin_list>
<bind>
<opcode="partselect(1002) " fcode="partselect"/>
<opset="tmp_22/1 "/>
</bind>
</comp>

<comp id="1514" class="1004" name="sext_ln235_fu_1514">
<pin_list>
<pin id="1515" dir="0" index="0" bw="17" slack="0"/>
<pin id="1516" dir="1" index="1" bw="32" slack="0"/>
</pin_list>
<bind>
<opcode="sext(35) " fcode="sext"/>
<opset="sext_ln235/1 "/>
</bind>
</comp>

<comp id="1518" class="1004" name="add_ln235_1_fu_1518">
<pin_list>
<pin id="1519" dir="0" index="0" bw="17" slack="0"/>
<pin id="1520" dir="0" index="1" bw="16" slack="0"/>
<pin id="1521" dir="1" index="2" bw="32" slack="0"/>
</pin_list>
<bind>
<opcode="add(8) " fcode="add"/>
<opset="add_ln235_1/1 "/>
</bind>
</comp>

<comp id="1524" class="1004" name="tmp_23_fu_1524">
<pin_list>
<pin id="1525" dir="0" index="0" bw="25" slack="0"/>
<pin id="1526" dir="0" index="1" bw="18" slack="0"/>
<pin id="1527" dir="0" index="2" bw="4" slack="0"/>
<pin id="1528" dir="0" index="3" bw="6" slack="0"/>
<pin id="1529" dir="1" index="4" bw="25" slack="0"/>
</pin_list>
<bind>
<opcode="partselect(1002) " fcode="partselect"/>
<opset="tmp_23/1 "/>
</bind>
</comp>

<comp id="1534" class="1004" name="icmp_ln9_15_fu_1534">
<pin_list>
<pin id="1535" dir="0" index="0" bw="25" slack="0"/>
<pin id="1536" dir="0" index="1" bw="25" slack="0"/>
<pin id="1537" dir="1" index="2" bw="1" slack="0"/>
</pin_list>
<bind>
<opcode="icmp(45) " fcode="icmp"/>
<opset="icmp_ln9_15/1 "/>
</bind>
</comp>

<comp id="1540" class="1004" name="icmp_ln10_15_fu_1540">
<pin_list>
<pin id="1541" dir="0" index="0" bw="18" slack="0"/>
<pin id="1542" dir="0" index="1" bw="18" slack="0"/>
<pin id="1543" dir="1" index="2" bw="1" slack="0"/>
</pin_list>
<bind>
<opcode="icmp(45) " fcode="icmp"/>
<opset="icmp_ln10_15/1 "/>
</bind>
</comp>

<comp id="1546" class="1004" name="trunc_ln11_15_fu_1546">
<pin_list>
<pin id="1547" dir="0" index="0" bw="18" slack="0"/>
<pin id="1548" dir="1" index="1" bw="8" slack="0"/>
</pin_list>
<bind>
<opcode="trunc(33) " fcode="trunc"/>
<opset="trunc_ln11_15/1 "/>
</bind>
</comp>

<comp id="1550" class="1004" name="select_ln9_30_fu_1550">
<pin_list>
<pin id="1551" dir="0" index="0" bw="1" slack="0"/>
<pin id="1552" dir="0" index="1" bw="8" slack="0"/>
<pin id="1553" dir="0" index="2" bw="8" slack="0"/>
<pin id="1554" dir="1" index="3" bw="8" slack="0"/>
</pin_list>
<bind>
<opcode="select(49) " fcode="select"/>
<opset="select_ln9_30/1 "/>
</bind>
</comp>

<comp id="1558" class="1004" name="or_ln9_15_fu_1558">
<pin_list>
<pin id="1559" dir="0" index="0" bw="1" slack="0"/>
<pin id="1560" dir="0" index="1" bw="1" slack="0"/>
<pin id="1561" dir="1" index="2" bw="1" slack="0"/>
</pin_list>
<bind>
<opcode="or(24) " fcode="or"/>
<opset="or_ln9_15/1 "/>
</bind>
</comp>

<comp id="1564" class="1004" name="select_ln9_31_fu_1564">
<pin_list>
<pin id="1565" dir="0" index="0" bw="1" slack="0"/>
<pin id="1566" dir="0" index="1" bw="8" slack="0"/>
<pin id="1567" dir="0" index="2" bw="8" slack="0"/>
<pin id="1568" dir="1" index="3" bw="8" slack="0"/>
</pin_list>
<bind>
<opcode="select(49) " fcode="select"/>
<opset="select_ln9_31/1 "/>
</bind>
</comp>

<comp id="1572" class="1004" name="mrv_fu_1572">
<pin_list>
<pin id="1573" dir="0" index="0" bw="128" slack="0"/>
<pin id="1574" dir="0" index="1" bw="8" slack="0"/>
<pin id="1575" dir="1" index="2" bw="128" slack="0"/>
</pin_list>
<bind>
<opcode="insertvalue(57) " fcode="insertvalue"/>
<opset="mrv/1 "/>
</bind>
</comp>

<comp id="1578" class="1004" name="mrv_1_fu_1578">
<pin_list>
<pin id="1579" dir="0" index="0" bw="128" slack="0"/>
<pin id="1580" dir="0" index="1" bw="8" slack="0"/>
<pin id="1581" dir="1" index="2" bw="128" slack="0"/>
</pin_list>
<bind>
<opcode="insertvalue(57) " fcode="insertvalue"/>
<opset="mrv_1/1 "/>
</bind>
</comp>

<comp id="1584" class="1004" name="mrv_2_fu_1584">
<pin_list>
<pin id="1585" dir="0" index="0" bw="128" slack="0"/>
<pin id="1586" dir="0" index="1" bw="8" slack="0"/>
<pin id="1587" dir="1" index="2" bw="128" slack="0"/>
</pin_list>
<bind>
<opcode="insertvalue(57) " fcode="insertvalue"/>
<opset="mrv_2/1 "/>
</bind>
</comp>

<comp id="1590" class="1004" name="mrv_3_fu_1590">
<pin_list>
<pin id="1591" dir="0" index="0" bw="128" slack="0"/>
<pin id="1592" dir="0" index="1" bw="8" slack="0"/>
<pin id="1593" dir="1" index="2" bw="128" slack="0"/>
</pin_list>
<bind>
<opcode="insertvalue(57) " fcode="insertvalue"/>
<opset="mrv_3/1 "/>
</bind>
</comp>

<comp id="1596" class="1004" name="mrv_4_fu_1596">
<pin_list>
<pin id="1597" dir="0" index="0" bw="128" slack="0"/>
<pin id="1598" dir="0" index="1" bw="8" slack="0"/>
<pin id="1599" dir="1" index="2" bw="128" slack="0"/>
</pin_list>
<bind>
<opcode="insertvalue(57) " fcode="insertvalue"/>
<opset="mrv_4/1 "/>
</bind>
</comp>

<comp id="1602" class="1004" name="mrv_5_fu_1602">
<pin_list>
<pin id="1603" dir="0" index="0" bw="128" slack="0"/>
<pin id="1604" dir="0" index="1" bw="8" slack="0"/>
<pin id="1605" dir="1" index="2" bw="128" slack="0"/>
</pin_list>
<bind>
<opcode="insertvalue(57) " fcode="insertvalue"/>
<opset="mrv_5/1 "/>
</bind>
</comp>

<comp id="1608" class="1004" name="mrv_6_fu_1608">
<pin_list>
<pin id="1609" dir="0" index="0" bw="128" slack="0"/>
<pin id="1610" dir="0" index="1" bw="8" slack="0"/>
<pin id="1611" dir="1" index="2" bw="128" slack="0"/>
</pin_list>
<bind>
<opcode="insertvalue(57) " fcode="insertvalue"/>
<opset="mrv_6/1 "/>
</bind>
</comp>

<comp id="1614" class="1004" name="mrv_7_fu_1614">
<pin_list>
<pin id="1615" dir="0" index="0" bw="128" slack="0"/>
<pin id="1616" dir="0" index="1" bw="8" slack="0"/>
<pin id="1617" dir="1" index="2" bw="128" slack="0"/>
</pin_list>
<bind>
<opcode="insertvalue(57) " fcode="insertvalue"/>
<opset="mrv_7/1 "/>
</bind>
</comp>

<comp id="1620" class="1004" name="mrv_8_fu_1620">
<pin_list>
<pin id="1621" dir="0" index="0" bw="128" slack="0"/>
<pin id="1622" dir="0" index="1" bw="8" slack="0"/>
<pin id="1623" dir="1" index="2" bw="128" slack="0"/>
</pin_list>
<bind>
<opcode="insertvalue(57) " fcode="insertvalue"/>
<opset="mrv_8/1 "/>
</bind>
</comp>

<comp id="1626" class="1004" name="mrv_9_fu_1626">
<pin_list>
<pin id="1627" dir="0" index="0" bw="128" slack="0"/>
<pin id="1628" dir="0" index="1" bw="8" slack="0"/>
<pin id="1629" dir="1" index="2" bw="128" slack="0"/>
</pin_list>
<bind>
<opcode="insertvalue(57) " fcode="insertvalue"/>
<opset="mrv_9/1 "/>
</bind>
</comp>

<comp id="1632" class="1004" name="mrv_s_fu_1632">
<pin_list>
<pin id="1633" dir="0" index="0" bw="128" slack="0"/>
<pin id="1634" dir="0" index="1" bw="8" slack="0"/>
<pin id="1635" dir="1" index="2" bw="128" slack="0"/>
</pin_list>
<bind>
<opcode="insertvalue(57) " fcode="insertvalue"/>
<opset="mrv_s/1 "/>
</bind>
</comp>

<comp id="1638" class="1004" name="mrv_10_fu_1638">
<pin_list>
<pin id="1639" dir="0" index="0" bw="128" slack="0"/>
<pin id="1640" dir="0" index="1" bw="8" slack="0"/>
<pin id="1641" dir="1" index="2" bw="128" slack="0"/>
</pin_list>
<bind>
<opcode="insertvalue(57) " fcode="insertvalue"/>
<opset="mrv_10/1 "/>
</bind>
</comp>

<comp id="1644" class="1004" name="mrv_11_fu_1644">
<pin_list>
<pin id="1645" dir="0" index="0" bw="128" slack="0"/>
<pin id="1646" dir="0" index="1" bw="8" slack="0"/>
<pin id="1647" dir="1" index="2" bw="128" slack="0"/>
</pin_list>
<bind>
<opcode="insertvalue(57) " fcode="insertvalue"/>
<opset="mrv_11/1 "/>
</bind>
</comp>

<comp id="1650" class="1004" name="mrv_12_fu_1650">
<pin_list>
<pin id="1651" dir="0" index="0" bw="128" slack="0"/>
<pin id="1652" dir="0" index="1" bw="8" slack="0"/>
<pin id="1653" dir="1" index="2" bw="128" slack="0"/>
</pin_list>
<bind>
<opcode="insertvalue(57) " fcode="insertvalue"/>
<opset="mrv_12/1 "/>
</bind>
</comp>

<comp id="1656" class="1004" name="mrv_13_fu_1656">
<pin_list>
<pin id="1657" dir="0" index="0" bw="128" slack="0"/>
<pin id="1658" dir="0" index="1" bw="8" slack="0"/>
<pin id="1659" dir="1" index="2" bw="128" slack="0"/>
</pin_list>
<bind>
<opcode="insertvalue(57) " fcode="insertvalue"/>
<opset="mrv_13/1 "/>
</bind>
</comp>

<comp id="1662" class="1004" name="mrv_14_fu_1662">
<pin_list>
<pin id="1663" dir="0" index="0" bw="128" slack="0"/>
<pin id="1664" dir="0" index="1" bw="8" slack="0"/>
<pin id="1665" dir="1" index="2" bw="128" slack="2147483647"/>
</pin_list>
<bind>
<opcode="insertvalue(57) " fcode="insertvalue"/>
<opset="mrv_14/1 "/>
</bind>
</comp>

</comp_list>

<net_list>
<net id="74"><net_src comp="32" pin="0"/><net_sink comp="70" pin=0"/></net>

<net id="75"><net_src comp="30" pin="0"/><net_sink comp="70" pin=1"/></net>

<net id="80"><net_src comp="32" pin="0"/><net_sink comp="76" pin=0"/></net>

<net id="81"><net_src comp="28" pin="0"/><net_sink comp="76" pin=1"/></net>

<net id="86"><net_src comp="32" pin="0"/><net_sink comp="82" pin=0"/></net>

<net id="87"><net_src comp="26" pin="0"/><net_sink comp="82" pin=1"/></net>

<net id="92"><net_src comp="32" pin="0"/><net_sink comp="88" pin=0"/></net>

<net id="93"><net_src comp="24" pin="0"/><net_sink comp="88" pin=1"/></net>

<net id="98"><net_src comp="32" pin="0"/><net_sink comp="94" pin=0"/></net>

<net id="99"><net_src comp="22" pin="0"/><net_sink comp="94" pin=1"/></net>

<net id="104"><net_src comp="32" pin="0"/><net_sink comp="100" pin=0"/></net>

<net id="105"><net_src comp="20" pin="0"/><net_sink comp="100" pin=1"/></net>

<net id="110"><net_src comp="32" pin="0"/><net_sink comp="106" pin=0"/></net>

<net id="111"><net_src comp="18" pin="0"/><net_sink comp="106" pin=1"/></net>

<net id="116"><net_src comp="32" pin="0"/><net_sink comp="112" pin=0"/></net>

<net id="117"><net_src comp="16" pin="0"/><net_sink comp="112" pin=1"/></net>

<net id="122"><net_src comp="32" pin="0"/><net_sink comp="118" pin=0"/></net>

<net id="123"><net_src comp="14" pin="0"/><net_sink comp="118" pin=1"/></net>

<net id="128"><net_src comp="32" pin="0"/><net_sink comp="124" pin=0"/></net>

<net id="129"><net_src comp="12" pin="0"/><net_sink comp="124" pin=1"/></net>

<net id="134"><net_src comp="32" pin="0"/><net_sink comp="130" pin=0"/></net>

<net id="135"><net_src comp="10" pin="0"/><net_sink comp="130" pin=1"/></net>

<net id="140"><net_src comp="32" pin="0"/><net_sink comp="136" pin=0"/></net>

<net id="141"><net_src comp="8" pin="0"/><net_sink comp="136" pin=1"/></net>

<net id="146"><net_src comp="32" pin="0"/><net_sink comp="142" pin=0"/></net>

<net id="147"><net_src comp="6" pin="0"/><net_sink comp="142" pin=1"/></net>

<net id="152"><net_src comp="32" pin="0"/><net_sink comp="148" pin=0"/></net>

<net id="153"><net_src comp="4" pin="0"/><net_sink comp="148" pin=1"/></net>

<net id="158"><net_src comp="32" pin="0"/><net_sink comp="154" pin=0"/></net>

<net id="159"><net_src comp="2" pin="0"/><net_sink comp="154" pin=1"/></net>

<net id="164"><net_src comp="32" pin="0"/><net_sink comp="160" pin=0"/></net>

<net id="165"><net_src comp="0" pin="0"/><net_sink comp="160" pin=1"/></net>

<net id="169"><net_src comp="160" pin="2"/><net_sink comp="166" pin=0"/></net>

<net id="173"><net_src comp="154" pin="2"/><net_sink comp="170" pin=0"/></net>

<net id="177"><net_src comp="148" pin="2"/><net_sink comp="174" pin=0"/></net>

<net id="181"><net_src comp="142" pin="2"/><net_sink comp="178" pin=0"/></net>

<net id="185"><net_src comp="136" pin="2"/><net_sink comp="182" pin=0"/></net>

<net id="189"><net_src comp="130" pin="2"/><net_sink comp="186" pin=0"/></net>

<net id="193"><net_src comp="124" pin="2"/><net_sink comp="190" pin=0"/></net>

<net id="197"><net_src comp="118" pin="2"/><net_sink comp="194" pin=0"/></net>

<net id="201"><net_src comp="112" pin="2"/><net_sink comp="198" pin=0"/></net>

<net id="205"><net_src comp="112" pin="2"/><net_sink comp="202" pin=0"/></net>

<net id="209"><net_src comp="106" pin="2"/><net_sink comp="206" pin=0"/></net>

<net id="213"><net_src comp="106" pin="2"/><net_sink comp="210" pin=0"/></net>

<net id="217"><net_src comp="100" pin="2"/><net_sink comp="214" pin=0"/></net>

<net id="221"><net_src comp="100" pin="2"/><net_sink comp="218" pin=0"/></net>

<net id="225"><net_src comp="100" pin="2"/><net_sink comp="222" pin=0"/></net>

<net id="229"><net_src comp="94" pin="2"/><net_sink comp="226" pin=0"/></net>

<net id="233"><net_src comp="94" pin="2"/><net_sink comp="230" pin=0"/></net>

<net id="237"><net_src comp="94" pin="2"/><net_sink comp="234" pin=0"/></net>

<net id="241"><net_src comp="88" pin="2"/><net_sink comp="238" pin=0"/></net>

<net id="245"><net_src comp="88" pin="2"/><net_sink comp="242" pin=0"/></net>

<net id="249"><net_src comp="88" pin="2"/><net_sink comp="246" pin=0"/></net>

<net id="253"><net_src comp="82" pin="2"/><net_sink comp="250" pin=0"/></net>

<net id="257"><net_src comp="82" pin="2"/><net_sink comp="254" pin=0"/></net>

<net id="261"><net_src comp="82" pin="2"/><net_sink comp="258" pin=0"/></net>

<net id="265"><net_src comp="76" pin="2"/><net_sink comp="262" pin=0"/></net>

<net id="269"><net_src comp="76" pin="2"/><net_sink comp="266" pin=0"/></net>

<net id="273"><net_src comp="76" pin="2"/><net_sink comp="270" pin=0"/></net>

<net id="277"><net_src comp="70" pin="2"/><net_sink comp="274" pin=0"/></net>

<net id="281"><net_src comp="70" pin="2"/><net_sink comp="278" pin=0"/></net>

<net id="285"><net_src comp="70" pin="2"/><net_sink comp="282" pin=0"/></net>

<net id="290"><net_src comp="202" pin="1"/><net_sink comp="286" pin=0"/></net>

<net id="291"><net_src comp="34" pin="0"/><net_sink comp="286" pin=1"/></net>

<net id="295"><net_src comp="286" pin="2"/><net_sink comp="292" pin=0"/></net>

<net id="300"><net_src comp="292" pin="1"/><net_sink comp="296" pin=0"/></net>

<net id="301"><net_src comp="282" pin="1"/><net_sink comp="296" pin=1"/></net>

<net id="308"><net_src comp="36" pin="0"/><net_sink comp="302" pin=0"/></net>

<net id="309"><net_src comp="296" pin="2"/><net_sink comp="302" pin=1"/></net>

<net id="310"><net_src comp="38" pin="0"/><net_sink comp="302" pin=2"/></net>

<net id="311"><net_src comp="40" pin="0"/><net_sink comp="302" pin=3"/></net>

<net id="315"><net_src comp="302" pin="4"/><net_sink comp="312" pin=0"/></net>

<net id="320"><net_src comp="166" pin="1"/><net_sink comp="316" pin=0"/></net>

<net id="321"><net_src comp="312" pin="1"/><net_sink comp="316" pin=1"/></net>

<net id="325"><net_src comp="316" pin="2"/><net_sink comp="322" pin=0"/></net>

<net id="330"><net_src comp="292" pin="1"/><net_sink comp="326" pin=0"/></net>

<net id="331"><net_src comp="210" pin="1"/><net_sink comp="326" pin=1"/></net>

<net id="338"><net_src comp="36" pin="0"/><net_sink comp="332" pin=0"/></net>

<net id="339"><net_src comp="326" pin="2"/><net_sink comp="332" pin=1"/></net>

<net id="340"><net_src comp="38" pin="0"/><net_sink comp="332" pin=2"/></net>

<net id="341"><net_src comp="40" pin="0"/><net_sink comp="332" pin=3"/></net>

<net id="345"><net_src comp="332" pin="4"/><net_sink comp="342" pin=0"/></net>

<net id="350"><net_src comp="170" pin="1"/><net_sink comp="346" pin=0"/></net>

<net id="351"><net_src comp="342" pin="1"/><net_sink comp="346" pin=1"/></net>

<net id="355"><net_src comp="346" pin="2"/><net_sink comp="352" pin=0"/></net>

<net id="360"><net_src comp="222" pin="1"/><net_sink comp="356" pin=0"/></net>

<net id="361"><net_src comp="34" pin="0"/><net_sink comp="356" pin=1"/></net>

<net id="365"><net_src comp="356" pin="2"/><net_sink comp="362" pin=0"/></net>

<net id="370"><net_src comp="362" pin="1"/><net_sink comp="366" pin=0"/></net>

<net id="371"><net_src comp="210" pin="1"/><net_sink comp="366" pin=1"/></net>

<net id="378"><net_src comp="36" pin="0"/><net_sink comp="372" pin=0"/></net>

<net id="379"><net_src comp="366" pin="2"/><net_sink comp="372" pin=1"/></net>

<net id="380"><net_src comp="38" pin="0"/><net_sink comp="372" pin=2"/></net>

<net id="381"><net_src comp="40" pin="0"/><net_sink comp="372" pin=3"/></net>

<net id="385"><net_src comp="372" pin="4"/><net_sink comp="382" pin=0"/></net>

<net id="390"><net_src comp="174" pin="1"/><net_sink comp="386" pin=0"/></net>

<net id="391"><net_src comp="382" pin="1"/><net_sink comp="386" pin=1"/></net>

<net id="395"><net_src comp="386" pin="2"/><net_sink comp="392" pin=0"/></net>

<net id="400"><net_src comp="234" pin="1"/><net_sink comp="396" pin=0"/></net>

<net id="401"><net_src comp="34" pin="0"/><net_sink comp="396" pin=1"/></net>

<net id="405"><net_src comp="396" pin="2"/><net_sink comp="402" pin=0"/></net>

<net id="410"><net_src comp="402" pin="1"/><net_sink comp="406" pin=0"/></net>

<net id="411"><net_src comp="218" pin="1"/><net_sink comp="406" pin=1"/></net>

<net id="418"><net_src comp="36" pin="0"/><net_sink comp="412" pin=0"/></net>

<net id="419"><net_src comp="406" pin="2"/><net_sink comp="412" pin=1"/></net>

<net id="420"><net_src comp="38" pin="0"/><net_sink comp="412" pin=2"/></net>

<net id="421"><net_src comp="40" pin="0"/><net_sink comp="412" pin=3"/></net>

<net id="425"><net_src comp="412" pin="4"/><net_sink comp="422" pin=0"/></net>

<net id="430"><net_src comp="178" pin="1"/><net_sink comp="426" pin=0"/></net>

<net id="431"><net_src comp="422" pin="1"/><net_sink comp="426" pin=1"/></net>

<net id="435"><net_src comp="426" pin="2"/><net_sink comp="432" pin=0"/></net>

<net id="440"><net_src comp="246" pin="1"/><net_sink comp="436" pin=0"/></net>

<net id="441"><net_src comp="34" pin="0"/><net_sink comp="436" pin=1"/></net>

<net id="445"><net_src comp="436" pin="2"/><net_sink comp="442" pin=0"/></net>

<net id="450"><net_src comp="442" pin="1"/><net_sink comp="446" pin=0"/></net>

<net id="451"><net_src comp="230" pin="1"/><net_sink comp="446" pin=1"/></net>

<net id="458"><net_src comp="36" pin="0"/><net_sink comp="452" pin=0"/></net>

<net id="459"><net_src comp="446" pin="2"/><net_sink comp="452" pin=1"/></net>

<net id="460"><net_src comp="38" pin="0"/><net_sink comp="452" pin=2"/></net>

<net id="461"><net_src comp="40" pin="0"/><net_sink comp="452" pin=3"/></net>

<net id="465"><net_src comp="452" pin="4"/><net_sink comp="462" pin=0"/></net>

<net id="470"><net_src comp="182" pin="1"/><net_sink comp="466" pin=0"/></net>

<net id="471"><net_src comp="462" pin="1"/><net_sink comp="466" pin=1"/></net>

<net id="475"><net_src comp="466" pin="2"/><net_sink comp="472" pin=0"/></net>

<net id="480"><net_src comp="258" pin="1"/><net_sink comp="476" pin=0"/></net>

<net id="481"><net_src comp="34" pin="0"/><net_sink comp="476" pin=1"/></net>

<net id="485"><net_src comp="476" pin="2"/><net_sink comp="482" pin=0"/></net>

<net id="490"><net_src comp="482" pin="1"/><net_sink comp="486" pin=0"/></net>

<net id="491"><net_src comp="242" pin="1"/><net_sink comp="486" pin=1"/></net>

<net id="498"><net_src comp="36" pin="0"/><net_sink comp="492" pin=0"/></net>

<net id="499"><net_src comp="486" pin="2"/><net_sink comp="492" pin=1"/></net>

<net id="500"><net_src comp="38" pin="0"/><net_sink comp="492" pin=2"/></net>

<net id="501"><net_src comp="40" pin="0"/><net_sink comp="492" pin=3"/></net>

<net id="505"><net_src comp="492" pin="4"/><net_sink comp="502" pin=0"/></net>

<net id="510"><net_src comp="186" pin="1"/><net_sink comp="506" pin=0"/></net>

<net id="511"><net_src comp="502" pin="1"/><net_sink comp="506" pin=1"/></net>

<net id="515"><net_src comp="506" pin="2"/><net_sink comp="512" pin=0"/></net>

<net id="520"><net_src comp="270" pin="1"/><net_sink comp="516" pin=0"/></net>

<net id="521"><net_src comp="34" pin="0"/><net_sink comp="516" pin=1"/></net>

<net id="525"><net_src comp="516" pin="2"/><net_sink comp="522" pin=0"/></net>

<net id="530"><net_src comp="522" pin="1"/><net_sink comp="526" pin=0"/></net>

<net id="531"><net_src comp="254" pin="1"/><net_sink comp="526" pin=1"/></net>

<net id="538"><net_src comp="36" pin="0"/><net_sink comp="532" pin=0"/></net>

<net id="539"><net_src comp="526" pin="2"/><net_sink comp="532" pin=1"/></net>

<net id="540"><net_src comp="38" pin="0"/><net_sink comp="532" pin=2"/></net>

<net id="541"><net_src comp="40" pin="0"/><net_sink comp="532" pin=3"/></net>

<net id="545"><net_src comp="532" pin="4"/><net_sink comp="542" pin=0"/></net>

<net id="550"><net_src comp="190" pin="1"/><net_sink comp="546" pin=0"/></net>

<net id="551"><net_src comp="542" pin="1"/><net_sink comp="546" pin=1"/></net>

<net id="555"><net_src comp="546" pin="2"/><net_sink comp="552" pin=0"/></net>

<net id="560"><net_src comp="278" pin="1"/><net_sink comp="556" pin=0"/></net>

<net id="561"><net_src comp="34" pin="0"/><net_sink comp="556" pin=1"/></net>

<net id="565"><net_src comp="556" pin="2"/><net_sink comp="562" pin=0"/></net>

<net id="570"><net_src comp="562" pin="1"/><net_sink comp="566" pin=0"/></net>

<net id="571"><net_src comp="266" pin="1"/><net_sink comp="566" pin=1"/></net>

<net id="578"><net_src comp="36" pin="0"/><net_sink comp="572" pin=0"/></net>

<net id="579"><net_src comp="566" pin="2"/><net_sink comp="572" pin=1"/></net>

<net id="580"><net_src comp="38" pin="0"/><net_sink comp="572" pin=2"/></net>

<net id="581"><net_src comp="40" pin="0"/><net_sink comp="572" pin=3"/></net>

<net id="585"><net_src comp="572" pin="4"/><net_sink comp="582" pin=0"/></net>

<net id="590"><net_src comp="194" pin="1"/><net_sink comp="586" pin=0"/></net>

<net id="591"><net_src comp="582" pin="1"/><net_sink comp="586" pin=1"/></net>

<net id="595"><net_src comp="586" pin="2"/><net_sink comp="592" pin=0"/></net>

<net id="602"><net_src comp="42" pin="0"/><net_sink comp="596" pin=0"/></net>

<net id="603"><net_src comp="316" pin="2"/><net_sink comp="596" pin=1"/></net>

<net id="604"><net_src comp="44" pin="0"/><net_sink comp="596" pin=2"/></net>

<net id="605"><net_src comp="46" pin="0"/><net_sink comp="596" pin=3"/></net>

<net id="610"><net_src comp="596" pin="4"/><net_sink comp="606" pin=0"/></net>

<net id="611"><net_src comp="48" pin="0"/><net_sink comp="606" pin=1"/></net>

<net id="616"><net_src comp="316" pin="2"/><net_sink comp="612" pin=0"/></net>

<net id="617"><net_src comp="50" pin="0"/><net_sink comp="612" pin=1"/></net>

<net id="621"><net_src comp="316" pin="2"/><net_sink comp="618" pin=0"/></net>

<net id="627"><net_src comp="606" pin="2"/><net_sink comp="622" pin=0"/></net>

<net id="628"><net_src comp="52" pin="0"/><net_sink comp="622" pin=1"/></net>

<net id="629"><net_src comp="54" pin="0"/><net_sink comp="622" pin=2"/></net>

<net id="634"><net_src comp="606" pin="2"/><net_sink comp="630" pin=0"/></net>

<net id="635"><net_src comp="612" pin="2"/><net_sink comp="630" pin=1"/></net>

<net id="641"><net_src comp="630" pin="2"/><net_sink comp="636" pin=0"/></net>

<net id="642"><net_src comp="622" pin="3"/><net_sink comp="636" pin=1"/></net>

<net id="643"><net_src comp="618" pin="1"/><net_sink comp="636" pin=2"/></net>

<net id="650"><net_src comp="42" pin="0"/><net_sink comp="644" pin=0"/></net>

<net id="651"><net_src comp="346" pin="2"/><net_sink comp="644" pin=1"/></net>

<net id="652"><net_src comp="44" pin="0"/><net_sink comp="644" pin=2"/></net>

<net id="653"><net_src comp="46" pin="0"/><net_sink comp="644" pin=3"/></net>

<net id="658"><net_src comp="644" pin="4"/><net_sink comp="654" pin=0"/></net>

<net id="659"><net_src comp="48" pin="0"/><net_sink comp="654" pin=1"/></net>

<net id="664"><net_src comp="346" pin="2"/><net_sink comp="660" pin=0"/></net>

<net id="665"><net_src comp="50" pin="0"/><net_sink comp="660" pin=1"/></net>

<net id="669"><net_src comp="346" pin="2"/><net_sink comp="666" pin=0"/></net>

<net id="675"><net_src comp="654" pin="2"/><net_sink comp="670" pin=0"/></net>

<net id="676"><net_src comp="52" pin="0"/><net_sink comp="670" pin=1"/></net>

<net id="677"><net_src comp="54" pin="0"/><net_sink comp="670" pin=2"/></net>

<net id="682"><net_src comp="654" pin="2"/><net_sink comp="678" pin=0"/></net>

<net id="683"><net_src comp="660" pin="2"/><net_sink comp="678" pin=1"/></net>

<net id="689"><net_src comp="678" pin="2"/><net_sink comp="684" pin=0"/></net>

<net id="690"><net_src comp="670" pin="3"/><net_sink comp="684" pin=1"/></net>

<net id="691"><net_src comp="666" pin="1"/><net_sink comp="684" pin=2"/></net>

<net id="698"><net_src comp="42" pin="0"/><net_sink comp="692" pin=0"/></net>

<net id="699"><net_src comp="386" pin="2"/><net_sink comp="692" pin=1"/></net>

<net id="700"><net_src comp="44" pin="0"/><net_sink comp="692" pin=2"/></net>

<net id="701"><net_src comp="46" pin="0"/><net_sink comp="692" pin=3"/></net>

<net id="706"><net_src comp="692" pin="4"/><net_sink comp="702" pin=0"/></net>

<net id="707"><net_src comp="48" pin="0"/><net_sink comp="702" pin=1"/></net>

<net id="712"><net_src comp="386" pin="2"/><net_sink comp="708" pin=0"/></net>

<net id="713"><net_src comp="50" pin="0"/><net_sink comp="708" pin=1"/></net>

<net id="717"><net_src comp="386" pin="2"/><net_sink comp="714" pin=0"/></net>

<net id="723"><net_src comp="702" pin="2"/><net_sink comp="718" pin=0"/></net>

<net id="724"><net_src comp="52" pin="0"/><net_sink comp="718" pin=1"/></net>

<net id="725"><net_src comp="54" pin="0"/><net_sink comp="718" pin=2"/></net>

<net id="730"><net_src comp="702" pin="2"/><net_sink comp="726" pin=0"/></net>

<net id="731"><net_src comp="708" pin="2"/><net_sink comp="726" pin=1"/></net>

<net id="737"><net_src comp="726" pin="2"/><net_sink comp="732" pin=0"/></net>

<net id="738"><net_src comp="718" pin="3"/><net_sink comp="732" pin=1"/></net>

<net id="739"><net_src comp="714" pin="1"/><net_sink comp="732" pin=2"/></net>

<net id="746"><net_src comp="42" pin="0"/><net_sink comp="740" pin=0"/></net>

<net id="747"><net_src comp="426" pin="2"/><net_sink comp="740" pin=1"/></net>

<net id="748"><net_src comp="44" pin="0"/><net_sink comp="740" pin=2"/></net>

<net id="749"><net_src comp="46" pin="0"/><net_sink comp="740" pin=3"/></net>

<net id="754"><net_src comp="740" pin="4"/><net_sink comp="750" pin=0"/></net>

<net id="755"><net_src comp="48" pin="0"/><net_sink comp="750" pin=1"/></net>

<net id="760"><net_src comp="426" pin="2"/><net_sink comp="756" pin=0"/></net>

<net id="761"><net_src comp="50" pin="0"/><net_sink comp="756" pin=1"/></net>

<net id="765"><net_src comp="426" pin="2"/><net_sink comp="762" pin=0"/></net>

<net id="771"><net_src comp="750" pin="2"/><net_sink comp="766" pin=0"/></net>

<net id="772"><net_src comp="52" pin="0"/><net_sink comp="766" pin=1"/></net>

<net id="773"><net_src comp="54" pin="0"/><net_sink comp="766" pin=2"/></net>

<net id="778"><net_src comp="750" pin="2"/><net_sink comp="774" pin=0"/></net>

<net id="779"><net_src comp="756" pin="2"/><net_sink comp="774" pin=1"/></net>

<net id="785"><net_src comp="774" pin="2"/><net_sink comp="780" pin=0"/></net>

<net id="786"><net_src comp="766" pin="3"/><net_sink comp="780" pin=1"/></net>

<net id="787"><net_src comp="762" pin="1"/><net_sink comp="780" pin=2"/></net>

<net id="794"><net_src comp="42" pin="0"/><net_sink comp="788" pin=0"/></net>

<net id="795"><net_src comp="466" pin="2"/><net_sink comp="788" pin=1"/></net>

<net id="796"><net_src comp="44" pin="0"/><net_sink comp="788" pin=2"/></net>

<net id="797"><net_src comp="46" pin="0"/><net_sink comp="788" pin=3"/></net>

<net id="802"><net_src comp="788" pin="4"/><net_sink comp="798" pin=0"/></net>

<net id="803"><net_src comp="48" pin="0"/><net_sink comp="798" pin=1"/></net>

<net id="808"><net_src comp="466" pin="2"/><net_sink comp="804" pin=0"/></net>

<net id="809"><net_src comp="50" pin="0"/><net_sink comp="804" pin=1"/></net>

<net id="813"><net_src comp="466" pin="2"/><net_sink comp="810" pin=0"/></net>

<net id="819"><net_src comp="798" pin="2"/><net_sink comp="814" pin=0"/></net>

<net id="820"><net_src comp="52" pin="0"/><net_sink comp="814" pin=1"/></net>

<net id="821"><net_src comp="54" pin="0"/><net_sink comp="814" pin=2"/></net>

<net id="826"><net_src comp="798" pin="2"/><net_sink comp="822" pin=0"/></net>

<net id="827"><net_src comp="804" pin="2"/><net_sink comp="822" pin=1"/></net>

<net id="833"><net_src comp="822" pin="2"/><net_sink comp="828" pin=0"/></net>

<net id="834"><net_src comp="814" pin="3"/><net_sink comp="828" pin=1"/></net>

<net id="835"><net_src comp="810" pin="1"/><net_sink comp="828" pin=2"/></net>

<net id="842"><net_src comp="42" pin="0"/><net_sink comp="836" pin=0"/></net>

<net id="843"><net_src comp="506" pin="2"/><net_sink comp="836" pin=1"/></net>

<net id="844"><net_src comp="44" pin="0"/><net_sink comp="836" pin=2"/></net>

<net id="845"><net_src comp="46" pin="0"/><net_sink comp="836" pin=3"/></net>

<net id="850"><net_src comp="836" pin="4"/><net_sink comp="846" pin=0"/></net>

<net id="851"><net_src comp="48" pin="0"/><net_sink comp="846" pin=1"/></net>

<net id="856"><net_src comp="506" pin="2"/><net_sink comp="852" pin=0"/></net>

<net id="857"><net_src comp="50" pin="0"/><net_sink comp="852" pin=1"/></net>

<net id="861"><net_src comp="506" pin="2"/><net_sink comp="858" pin=0"/></net>

<net id="867"><net_src comp="846" pin="2"/><net_sink comp="862" pin=0"/></net>

<net id="868"><net_src comp="52" pin="0"/><net_sink comp="862" pin=1"/></net>

<net id="869"><net_src comp="54" pin="0"/><net_sink comp="862" pin=2"/></net>

<net id="874"><net_src comp="846" pin="2"/><net_sink comp="870" pin=0"/></net>

<net id="875"><net_src comp="852" pin="2"/><net_sink comp="870" pin=1"/></net>

<net id="881"><net_src comp="870" pin="2"/><net_sink comp="876" pin=0"/></net>

<net id="882"><net_src comp="862" pin="3"/><net_sink comp="876" pin=1"/></net>

<net id="883"><net_src comp="858" pin="1"/><net_sink comp="876" pin=2"/></net>

<net id="890"><net_src comp="42" pin="0"/><net_sink comp="884" pin=0"/></net>

<net id="891"><net_src comp="546" pin="2"/><net_sink comp="884" pin=1"/></net>

<net id="892"><net_src comp="44" pin="0"/><net_sink comp="884" pin=2"/></net>

<net id="893"><net_src comp="46" pin="0"/><net_sink comp="884" pin=3"/></net>

<net id="898"><net_src comp="884" pin="4"/><net_sink comp="894" pin=0"/></net>

<net id="899"><net_src comp="48" pin="0"/><net_sink comp="894" pin=1"/></net>

<net id="904"><net_src comp="546" pin="2"/><net_sink comp="900" pin=0"/></net>

<net id="905"><net_src comp="50" pin="0"/><net_sink comp="900" pin=1"/></net>

<net id="909"><net_src comp="546" pin="2"/><net_sink comp="906" pin=0"/></net>

<net id="915"><net_src comp="894" pin="2"/><net_sink comp="910" pin=0"/></net>

<net id="916"><net_src comp="52" pin="0"/><net_sink comp="910" pin=1"/></net>

<net id="917"><net_src comp="54" pin="0"/><net_sink comp="910" pin=2"/></net>

<net id="922"><net_src comp="894" pin="2"/><net_sink comp="918" pin=0"/></net>

<net id="923"><net_src comp="900" pin="2"/><net_sink comp="918" pin=1"/></net>

<net id="929"><net_src comp="918" pin="2"/><net_sink comp="924" pin=0"/></net>

<net id="930"><net_src comp="910" pin="3"/><net_sink comp="924" pin=1"/></net>

<net id="931"><net_src comp="906" pin="1"/><net_sink comp="924" pin=2"/></net>

<net id="938"><net_src comp="42" pin="0"/><net_sink comp="932" pin=0"/></net>

<net id="939"><net_src comp="586" pin="2"/><net_sink comp="932" pin=1"/></net>

<net id="940"><net_src comp="44" pin="0"/><net_sink comp="932" pin=2"/></net>

<net id="941"><net_src comp="46" pin="0"/><net_sink comp="932" pin=3"/></net>

<net id="946"><net_src comp="932" pin="4"/><net_sink comp="942" pin=0"/></net>

<net id="947"><net_src comp="48" pin="0"/><net_sink comp="942" pin=1"/></net>

<net id="952"><net_src comp="586" pin="2"/><net_sink comp="948" pin=0"/></net>

<net id="953"><net_src comp="50" pin="0"/><net_sink comp="948" pin=1"/></net>

<net id="957"><net_src comp="586" pin="2"/><net_sink comp="954" pin=0"/></net>

<net id="963"><net_src comp="942" pin="2"/><net_sink comp="958" pin=0"/></net>

<net id="964"><net_src comp="52" pin="0"/><net_sink comp="958" pin=1"/></net>

<net id="965"><net_src comp="54" pin="0"/><net_sink comp="958" pin=2"/></net>

<net id="970"><net_src comp="942" pin="2"/><net_sink comp="966" pin=0"/></net>

<net id="971"><net_src comp="948" pin="2"/><net_sink comp="966" pin=1"/></net>

<net id="977"><net_src comp="966" pin="2"/><net_sink comp="972" pin=0"/></net>

<net id="978"><net_src comp="958" pin="3"/><net_sink comp="972" pin=1"/></net>

<net id="979"><net_src comp="954" pin="1"/><net_sink comp="972" pin=2"/></net>

<net id="984"><net_src comp="322" pin="1"/><net_sink comp="980" pin=0"/></net>

<net id="985"><net_src comp="352" pin="1"/><net_sink comp="980" pin=1"/></net>

<net id="992"><net_src comp="56" pin="0"/><net_sink comp="986" pin=0"/></net>

<net id="993"><net_src comp="980" pin="2"/><net_sink comp="986" pin=1"/></net>

<net id="994"><net_src comp="58" pin="0"/><net_sink comp="986" pin=2"/></net>

<net id="995"><net_src comp="40" pin="0"/><net_sink comp="986" pin=3"/></net>

<net id="999"><net_src comp="986" pin="4"/><net_sink comp="996" pin=0"/></net>

<net id="1004"><net_src comp="996" pin="1"/><net_sink comp="1000" pin=0"/></net>

<net id="1005"><net_src comp="198" pin="1"/><net_sink comp="1000" pin=1"/></net>

<net id="1012"><net_src comp="60" pin="0"/><net_sink comp="1006" pin=0"/></net>

<net id="1013"><net_src comp="1000" pin="2"/><net_sink comp="1006" pin=1"/></net>

<net id="1014"><net_src comp="44" pin="0"/><net_sink comp="1006" pin=2"/></net>

<net id="1015"><net_src comp="62" pin="0"/><net_sink comp="1006" pin=3"/></net>

<net id="1020"><net_src comp="1006" pin="4"/><net_sink comp="1016" pin=0"/></net>

<net id="1021"><net_src comp="64" pin="0"/><net_sink comp="1016" pin=1"/></net>

<net id="1026"><net_src comp="1000" pin="2"/><net_sink comp="1022" pin=0"/></net>

<net id="1027"><net_src comp="66" pin="0"/><net_sink comp="1022" pin=1"/></net>

<net id="1031"><net_src comp="1000" pin="2"/><net_sink comp="1028" pin=0"/></net>

<net id="1037"><net_src comp="1016" pin="2"/><net_sink comp="1032" pin=0"/></net>

<net id="1038"><net_src comp="52" pin="0"/><net_sink comp="1032" pin=1"/></net>

<net id="1039"><net_src comp="54" pin="0"/><net_sink comp="1032" pin=2"/></net>

<net id="1044"><net_src comp="1016" pin="2"/><net_sink comp="1040" pin=0"/></net>

<net id="1045"><net_src comp="1022" pin="2"/><net_sink comp="1040" pin=1"/></net>

<net id="1051"><net_src comp="1040" pin="2"/><net_sink comp="1046" pin=0"/></net>

<net id="1052"><net_src comp="1032" pin="3"/><net_sink comp="1046" pin=1"/></net>

<net id="1053"><net_src comp="1028" pin="1"/><net_sink comp="1046" pin=2"/></net>

<net id="1058"><net_src comp="392" pin="1"/><net_sink comp="1054" pin=0"/></net>

<net id="1059"><net_src comp="352" pin="1"/><net_sink comp="1054" pin=1"/></net>

<net id="1066"><net_src comp="56" pin="0"/><net_sink comp="1060" pin=0"/></net>

<net id="1067"><net_src comp="1054" pin="2"/><net_sink comp="1060" pin=1"/></net>

<net id="1068"><net_src comp="58" pin="0"/><net_sink comp="1060" pin=2"/></net>

<net id="1069"><net_src comp="40" pin="0"/><net_sink comp="1060" pin=3"/></net>

<net id="1073"><net_src comp="1060" pin="4"/><net_sink comp="1070" pin=0"/></net>

<net id="1078"><net_src comp="1070" pin="1"/><net_sink comp="1074" pin=0"/></net>

<net id="1079"><net_src comp="206" pin="1"/><net_sink comp="1074" pin=1"/></net>

<net id="1086"><net_src comp="60" pin="0"/><net_sink comp="1080" pin=0"/></net>

<net id="1087"><net_src comp="1074" pin="2"/><net_sink comp="1080" pin=1"/></net>

<net id="1088"><net_src comp="44" pin="0"/><net_sink comp="1080" pin=2"/></net>

<net id="1089"><net_src comp="62" pin="0"/><net_sink comp="1080" pin=3"/></net>

<net id="1094"><net_src comp="1080" pin="4"/><net_sink comp="1090" pin=0"/></net>

<net id="1095"><net_src comp="64" pin="0"/><net_sink comp="1090" pin=1"/></net>

<net id="1100"><net_src comp="1074" pin="2"/><net_sink comp="1096" pin=0"/></net>

<net id="1101"><net_src comp="66" pin="0"/><net_sink comp="1096" pin=1"/></net>

<net id="1105"><net_src comp="1074" pin="2"/><net_sink comp="1102" pin=0"/></net>

<net id="1111"><net_src comp="1090" pin="2"/><net_sink comp="1106" pin=0"/></net>

<net id="1112"><net_src comp="52" pin="0"/><net_sink comp="1106" pin=1"/></net>

<net id="1113"><net_src comp="54" pin="0"/><net_sink comp="1106" pin=2"/></net>

<net id="1118"><net_src comp="1090" pin="2"/><net_sink comp="1114" pin=0"/></net>

<net id="1119"><net_src comp="1096" pin="2"/><net_sink comp="1114" pin=1"/></net>

<net id="1125"><net_src comp="1114" pin="2"/><net_sink comp="1120" pin=0"/></net>

<net id="1126"><net_src comp="1106" pin="3"/><net_sink comp="1120" pin=1"/></net>

<net id="1127"><net_src comp="1102" pin="1"/><net_sink comp="1120" pin=2"/></net>

<net id="1132"><net_src comp="432" pin="1"/><net_sink comp="1128" pin=0"/></net>

<net id="1133"><net_src comp="392" pin="1"/><net_sink comp="1128" pin=1"/></net>

<net id="1140"><net_src comp="56" pin="0"/><net_sink comp="1134" pin=0"/></net>

<net id="1141"><net_src comp="1128" pin="2"/><net_sink comp="1134" pin=1"/></net>

<net id="1142"><net_src comp="58" pin="0"/><net_sink comp="1134" pin=2"/></net>

<net id="1143"><net_src comp="40" pin="0"/><net_sink comp="1134" pin=3"/></net>

<net id="1147"><net_src comp="1134" pin="4"/><net_sink comp="1144" pin=0"/></net>

<net id="1152"><net_src comp="1144" pin="1"/><net_sink comp="1148" pin=0"/></net>

<net id="1153"><net_src comp="214" pin="1"/><net_sink comp="1148" pin=1"/></net>

<net id="1160"><net_src comp="60" pin="0"/><net_sink comp="1154" pin=0"/></net>

<net id="1161"><net_src comp="1148" pin="2"/><net_sink comp="1154" pin=1"/></net>

<net id="1162"><net_src comp="44" pin="0"/><net_sink comp="1154" pin=2"/></net>

<net id="1163"><net_src comp="62" pin="0"/><net_sink comp="1154" pin=3"/></net>

<net id="1168"><net_src comp="1154" pin="4"/><net_sink comp="1164" pin=0"/></net>

<net id="1169"><net_src comp="64" pin="0"/><net_sink comp="1164" pin=1"/></net>

<net id="1174"><net_src comp="1148" pin="2"/><net_sink comp="1170" pin=0"/></net>

<net id="1175"><net_src comp="66" pin="0"/><net_sink comp="1170" pin=1"/></net>

<net id="1179"><net_src comp="1148" pin="2"/><net_sink comp="1176" pin=0"/></net>

<net id="1185"><net_src comp="1164" pin="2"/><net_sink comp="1180" pin=0"/></net>

<net id="1186"><net_src comp="52" pin="0"/><net_sink comp="1180" pin=1"/></net>

<net id="1187"><net_src comp="54" pin="0"/><net_sink comp="1180" pin=2"/></net>

<net id="1192"><net_src comp="1164" pin="2"/><net_sink comp="1188" pin=0"/></net>

<net id="1193"><net_src comp="1170" pin="2"/><net_sink comp="1188" pin=1"/></net>

<net id="1199"><net_src comp="1188" pin="2"/><net_sink comp="1194" pin=0"/></net>

<net id="1200"><net_src comp="1180" pin="3"/><net_sink comp="1194" pin=1"/></net>

<net id="1201"><net_src comp="1176" pin="1"/><net_sink comp="1194" pin=2"/></net>

<net id="1206"><net_src comp="472" pin="1"/><net_sink comp="1202" pin=0"/></net>

<net id="1207"><net_src comp="432" pin="1"/><net_sink comp="1202" pin=1"/></net>

<net id="1214"><net_src comp="56" pin="0"/><net_sink comp="1208" pin=0"/></net>

<net id="1215"><net_src comp="1202" pin="2"/><net_sink comp="1208" pin=1"/></net>

<net id="1216"><net_src comp="58" pin="0"/><net_sink comp="1208" pin=2"/></net>

<net id="1217"><net_src comp="40" pin="0"/><net_sink comp="1208" pin=3"/></net>

<net id="1221"><net_src comp="1208" pin="4"/><net_sink comp="1218" pin=0"/></net>

<net id="1226"><net_src comp="1218" pin="1"/><net_sink comp="1222" pin=0"/></net>

<net id="1227"><net_src comp="226" pin="1"/><net_sink comp="1222" pin=1"/></net>

<net id="1234"><net_src comp="60" pin="0"/><net_sink comp="1228" pin=0"/></net>

<net id="1235"><net_src comp="1222" pin="2"/><net_sink comp="1228" pin=1"/></net>

<net id="1236"><net_src comp="44" pin="0"/><net_sink comp="1228" pin=2"/></net>

<net id="1237"><net_src comp="62" pin="0"/><net_sink comp="1228" pin=3"/></net>

<net id="1242"><net_src comp="1228" pin="4"/><net_sink comp="1238" pin=0"/></net>

<net id="1243"><net_src comp="64" pin="0"/><net_sink comp="1238" pin=1"/></net>

<net id="1248"><net_src comp="1222" pin="2"/><net_sink comp="1244" pin=0"/></net>

<net id="1249"><net_src comp="66" pin="0"/><net_sink comp="1244" pin=1"/></net>

<net id="1253"><net_src comp="1222" pin="2"/><net_sink comp="1250" pin=0"/></net>

<net id="1259"><net_src comp="1238" pin="2"/><net_sink comp="1254" pin=0"/></net>

<net id="1260"><net_src comp="52" pin="0"/><net_sink comp="1254" pin=1"/></net>

<net id="1261"><net_src comp="54" pin="0"/><net_sink comp="1254" pin=2"/></net>

<net id="1266"><net_src comp="1238" pin="2"/><net_sink comp="1262" pin=0"/></net>

<net id="1267"><net_src comp="1244" pin="2"/><net_sink comp="1262" pin=1"/></net>

<net id="1273"><net_src comp="1262" pin="2"/><net_sink comp="1268" pin=0"/></net>

<net id="1274"><net_src comp="1254" pin="3"/><net_sink comp="1268" pin=1"/></net>

<net id="1275"><net_src comp="1250" pin="1"/><net_sink comp="1268" pin=2"/></net>

<net id="1280"><net_src comp="512" pin="1"/><net_sink comp="1276" pin=0"/></net>

<net id="1281"><net_src comp="472" pin="1"/><net_sink comp="1276" pin=1"/></net>

<net id="1288"><net_src comp="56" pin="0"/><net_sink comp="1282" pin=0"/></net>

<net id="1289"><net_src comp="1276" pin="2"/><net_sink comp="1282" pin=1"/></net>

<net id="1290"><net_src comp="58" pin="0"/><net_sink comp="1282" pin=2"/></net>

<net id="1291"><net_src comp="40" pin="0"/><net_sink comp="1282" pin=3"/></net>

<net id="1295"><net_src comp="1282" pin="4"/><net_sink comp="1292" pin=0"/></net>

<net id="1300"><net_src comp="1292" pin="1"/><net_sink comp="1296" pin=0"/></net>

<net id="1301"><net_src comp="238" pin="1"/><net_sink comp="1296" pin=1"/></net>

<net id="1308"><net_src comp="60" pin="0"/><net_sink comp="1302" pin=0"/></net>

<net id="1309"><net_src comp="1296" pin="2"/><net_sink comp="1302" pin=1"/></net>

<net id="1310"><net_src comp="44" pin="0"/><net_sink comp="1302" pin=2"/></net>

<net id="1311"><net_src comp="62" pin="0"/><net_sink comp="1302" pin=3"/></net>

<net id="1316"><net_src comp="1302" pin="4"/><net_sink comp="1312" pin=0"/></net>

<net id="1317"><net_src comp="64" pin="0"/><net_sink comp="1312" pin=1"/></net>

<net id="1322"><net_src comp="1296" pin="2"/><net_sink comp="1318" pin=0"/></net>

<net id="1323"><net_src comp="66" pin="0"/><net_sink comp="1318" pin=1"/></net>

<net id="1327"><net_src comp="1296" pin="2"/><net_sink comp="1324" pin=0"/></net>

<net id="1333"><net_src comp="1312" pin="2"/><net_sink comp="1328" pin=0"/></net>

<net id="1334"><net_src comp="52" pin="0"/><net_sink comp="1328" pin=1"/></net>

<net id="1335"><net_src comp="54" pin="0"/><net_sink comp="1328" pin=2"/></net>

<net id="1340"><net_src comp="1312" pin="2"/><net_sink comp="1336" pin=0"/></net>

<net id="1341"><net_src comp="1318" pin="2"/><net_sink comp="1336" pin=1"/></net>

<net id="1347"><net_src comp="1336" pin="2"/><net_sink comp="1342" pin=0"/></net>

<net id="1348"><net_src comp="1328" pin="3"/><net_sink comp="1342" pin=1"/></net>

<net id="1349"><net_src comp="1324" pin="1"/><net_sink comp="1342" pin=2"/></net>

<net id="1354"><net_src comp="552" pin="1"/><net_sink comp="1350" pin=0"/></net>

<net id="1355"><net_src comp="512" pin="1"/><net_sink comp="1350" pin=1"/></net>

<net id="1362"><net_src comp="56" pin="0"/><net_sink comp="1356" pin=0"/></net>

<net id="1363"><net_src comp="1350" pin="2"/><net_sink comp="1356" pin=1"/></net>

<net id="1364"><net_src comp="58" pin="0"/><net_sink comp="1356" pin=2"/></net>

<net id="1365"><net_src comp="40" pin="0"/><net_sink comp="1356" pin=3"/></net>

<net id="1369"><net_src comp="1356" pin="4"/><net_sink comp="1366" pin=0"/></net>

<net id="1374"><net_src comp="1366" pin="1"/><net_sink comp="1370" pin=0"/></net>

<net id="1375"><net_src comp="250" pin="1"/><net_sink comp="1370" pin=1"/></net>

<net id="1382"><net_src comp="60" pin="0"/><net_sink comp="1376" pin=0"/></net>

<net id="1383"><net_src comp="1370" pin="2"/><net_sink comp="1376" pin=1"/></net>

<net id="1384"><net_src comp="44" pin="0"/><net_sink comp="1376" pin=2"/></net>

<net id="1385"><net_src comp="62" pin="0"/><net_sink comp="1376" pin=3"/></net>

<net id="1390"><net_src comp="1376" pin="4"/><net_sink comp="1386" pin=0"/></net>

<net id="1391"><net_src comp="64" pin="0"/><net_sink comp="1386" pin=1"/></net>

<net id="1396"><net_src comp="1370" pin="2"/><net_sink comp="1392" pin=0"/></net>

<net id="1397"><net_src comp="66" pin="0"/><net_sink comp="1392" pin=1"/></net>

<net id="1401"><net_src comp="1370" pin="2"/><net_sink comp="1398" pin=0"/></net>

<net id="1407"><net_src comp="1386" pin="2"/><net_sink comp="1402" pin=0"/></net>

<net id="1408"><net_src comp="52" pin="0"/><net_sink comp="1402" pin=1"/></net>

<net id="1409"><net_src comp="54" pin="0"/><net_sink comp="1402" pin=2"/></net>

<net id="1414"><net_src comp="1386" pin="2"/><net_sink comp="1410" pin=0"/></net>

<net id="1415"><net_src comp="1392" pin="2"/><net_sink comp="1410" pin=1"/></net>

<net id="1421"><net_src comp="1410" pin="2"/><net_sink comp="1416" pin=0"/></net>

<net id="1422"><net_src comp="1402" pin="3"/><net_sink comp="1416" pin=1"/></net>

<net id="1423"><net_src comp="1398" pin="1"/><net_sink comp="1416" pin=2"/></net>

<net id="1428"><net_src comp="592" pin="1"/><net_sink comp="1424" pin=0"/></net>

<net id="1429"><net_src comp="552" pin="1"/><net_sink comp="1424" pin=1"/></net>

<net id="1436"><net_src comp="56" pin="0"/><net_sink comp="1430" pin=0"/></net>

<net id="1437"><net_src comp="1424" pin="2"/><net_sink comp="1430" pin=1"/></net>

<net id="1438"><net_src comp="58" pin="0"/><net_sink comp="1430" pin=2"/></net>

<net id="1439"><net_src comp="40" pin="0"/><net_sink comp="1430" pin=3"/></net>

<net id="1443"><net_src comp="1430" pin="4"/><net_sink comp="1440" pin=0"/></net>

<net id="1448"><net_src comp="1440" pin="1"/><net_sink comp="1444" pin=0"/></net>

<net id="1449"><net_src comp="262" pin="1"/><net_sink comp="1444" pin=1"/></net>

<net id="1456"><net_src comp="60" pin="0"/><net_sink comp="1450" pin=0"/></net>

<net id="1457"><net_src comp="1444" pin="2"/><net_sink comp="1450" pin=1"/></net>

<net id="1458"><net_src comp="44" pin="0"/><net_sink comp="1450" pin=2"/></net>

<net id="1459"><net_src comp="62" pin="0"/><net_sink comp="1450" pin=3"/></net>

<net id="1464"><net_src comp="1450" pin="4"/><net_sink comp="1460" pin=0"/></net>

<net id="1465"><net_src comp="64" pin="0"/><net_sink comp="1460" pin=1"/></net>

<net id="1470"><net_src comp="1444" pin="2"/><net_sink comp="1466" pin=0"/></net>

<net id="1471"><net_src comp="66" pin="0"/><net_sink comp="1466" pin=1"/></net>

<net id="1475"><net_src comp="1444" pin="2"/><net_sink comp="1472" pin=0"/></net>

<net id="1481"><net_src comp="1460" pin="2"/><net_sink comp="1476" pin=0"/></net>

<net id="1482"><net_src comp="52" pin="0"/><net_sink comp="1476" pin=1"/></net>

<net id="1483"><net_src comp="54" pin="0"/><net_sink comp="1476" pin=2"/></net>

<net id="1488"><net_src comp="1460" pin="2"/><net_sink comp="1484" pin=0"/></net>

<net id="1489"><net_src comp="1466" pin="2"/><net_sink comp="1484" pin=1"/></net>

<net id="1495"><net_src comp="1484" pin="2"/><net_sink comp="1490" pin=0"/></net>

<net id="1496"><net_src comp="1476" pin="3"/><net_sink comp="1490" pin=1"/></net>

<net id="1497"><net_src comp="1472" pin="1"/><net_sink comp="1490" pin=2"/></net>

<net id="1502"><net_src comp="592" pin="1"/><net_sink comp="1498" pin=0"/></net>

<net id="1503"><net_src comp="322" pin="1"/><net_sink comp="1498" pin=1"/></net>

<net id="1510"><net_src comp="56" pin="0"/><net_sink comp="1504" pin=0"/></net>

<net id="1511"><net_src comp="1498" pin="2"/><net_sink comp="1504" pin=1"/></net>

<net id="1512"><net_src comp="58" pin="0"/><net_sink comp="1504" pin=2"/></net>

<net id="1513"><net_src comp="40" pin="0"/><net_sink comp="1504" pin=3"/></net>

<net id="1517"><net_src comp="1504" pin="4"/><net_sink comp="1514" pin=0"/></net>

<net id="1522"><net_src comp="1514" pin="1"/><net_sink comp="1518" pin=0"/></net>

<net id="1523"><net_src comp="274" pin="1"/><net_sink comp="1518" pin=1"/></net>

<net id="1530"><net_src comp="60" pin="0"/><net_sink comp="1524" pin=0"/></net>

<net id="1531"><net_src comp="1518" pin="2"/><net_sink comp="1524" pin=1"/></net>

<net id="1532"><net_src comp="44" pin="0"/><net_sink comp="1524" pin=2"/></net>

<net id="1533"><net_src comp="62" pin="0"/><net_sink comp="1524" pin=3"/></net>

<net id="1538"><net_src comp="1524" pin="4"/><net_sink comp="1534" pin=0"/></net>

<net id="1539"><net_src comp="64" pin="0"/><net_sink comp="1534" pin=1"/></net>

<net id="1544"><net_src comp="1518" pin="2"/><net_sink comp="1540" pin=0"/></net>

<net id="1545"><net_src comp="66" pin="0"/><net_sink comp="1540" pin=1"/></net>

<net id="1549"><net_src comp="1518" pin="2"/><net_sink comp="1546" pin=0"/></net>

<net id="1555"><net_src comp="1534" pin="2"/><net_sink comp="1550" pin=0"/></net>

<net id="1556"><net_src comp="52" pin="0"/><net_sink comp="1550" pin=1"/></net>

<net id="1557"><net_src comp="54" pin="0"/><net_sink comp="1550" pin=2"/></net>

<net id="1562"><net_src comp="1534" pin="2"/><net_sink comp="1558" pin=0"/></net>

<net id="1563"><net_src comp="1540" pin="2"/><net_sink comp="1558" pin=1"/></net>

<net id="1569"><net_src comp="1558" pin="2"/><net_sink comp="1564" pin=0"/></net>

<net id="1570"><net_src comp="1550" pin="3"/><net_sink comp="1564" pin=1"/></net>

<net id="1571"><net_src comp="1546" pin="1"/><net_sink comp="1564" pin=2"/></net>

<net id="1576"><net_src comp="68" pin="0"/><net_sink comp="1572" pin=0"/></net>

<net id="1577"><net_src comp="636" pin="3"/><net_sink comp="1572" pin=1"/></net>

<net id="1582"><net_src comp="1572" pin="2"/><net_sink comp="1578" pin=0"/></net>

<net id="1583"><net_src comp="1046" pin="3"/><net_sink comp="1578" pin=1"/></net>

<net id="1588"><net_src comp="1578" pin="2"/><net_sink comp="1584" pin=0"/></net>

<net id="1589"><net_src comp="684" pin="3"/><net_sink comp="1584" pin=1"/></net>

<net id="1594"><net_src comp="1584" pin="2"/><net_sink comp="1590" pin=0"/></net>

<net id="1595"><net_src comp="1120" pin="3"/><net_sink comp="1590" pin=1"/></net>

<net id="1600"><net_src comp="1590" pin="2"/><net_sink comp="1596" pin=0"/></net>

<net id="1601"><net_src comp="732" pin="3"/><net_sink comp="1596" pin=1"/></net>

<net id="1606"><net_src comp="1596" pin="2"/><net_sink comp="1602" pin=0"/></net>

<net id="1607"><net_src comp="1194" pin="3"/><net_sink comp="1602" pin=1"/></net>

<net id="1612"><net_src comp="1602" pin="2"/><net_sink comp="1608" pin=0"/></net>

<net id="1613"><net_src comp="780" pin="3"/><net_sink comp="1608" pin=1"/></net>

<net id="1618"><net_src comp="1608" pin="2"/><net_sink comp="1614" pin=0"/></net>

<net id="1619"><net_src comp="1268" pin="3"/><net_sink comp="1614" pin=1"/></net>

<net id="1624"><net_src comp="1614" pin="2"/><net_sink comp="1620" pin=0"/></net>

<net id="1625"><net_src comp="828" pin="3"/><net_sink comp="1620" pin=1"/></net>

<net id="1630"><net_src comp="1620" pin="2"/><net_sink comp="1626" pin=0"/></net>

<net id="1631"><net_src comp="1342" pin="3"/><net_sink comp="1626" pin=1"/></net>

<net id="1636"><net_src comp="1626" pin="2"/><net_sink comp="1632" pin=0"/></net>

<net id="1637"><net_src comp="876" pin="3"/><net_sink comp="1632" pin=1"/></net>

<net id="1642"><net_src comp="1632" pin="2"/><net_sink comp="1638" pin=0"/></net>

<net id="1643"><net_src comp="1416" pin="3"/><net_sink comp="1638" pin=1"/></net>

<net id="1648"><net_src comp="1638" pin="2"/><net_sink comp="1644" pin=0"/></net>

<net id="1649"><net_src comp="924" pin="3"/><net_sink comp="1644" pin=1"/></net>

<net id="1654"><net_src comp="1644" pin="2"/><net_sink comp="1650" pin=0"/></net>

<net id="1655"><net_src comp="1490" pin="3"/><net_sink comp="1650" pin=1"/></net>

<net id="1660"><net_src comp="1650" pin="2"/><net_sink comp="1656" pin=0"/></net>

<net id="1661"><net_src comp="972" pin="3"/><net_sink comp="1656" pin=1"/></net>

<net id="1666"><net_src comp="1656" pin="2"/><net_sink comp="1662" pin=0"/></net>

<net id="1667"><net_src comp="1564" pin="3"/><net_sink comp="1662" pin=1"/></net>

</net_list>

</model> 
---------------- Datapath Model END ------------------

* FSMD analyzer results:
  - Output states:
 - Input state : 
	Port: HW_dwt53_inverse_core : low_read | {1 }
	Port: HW_dwt53_inverse_core : low_read_23 | {1 }
	Port: HW_dwt53_inverse_core : low_read_24 | {1 }
	Port: HW_dwt53_inverse_core : low_read_25 | {1 }
	Port: HW_dwt53_inverse_core : low_read_26 | {1 }
	Port: HW_dwt53_inverse_core : low_read_27 | {1 }
	Port: HW_dwt53_inverse_core : low_read_28 | {1 }
	Port: HW_dwt53_inverse_core : low_read_29 | {1 }
	Port: HW_dwt53_inverse_core : high_read | {1 }
	Port: HW_dwt53_inverse_core : high_read_23 | {1 }
	Port: HW_dwt53_inverse_core : high_read_24 | {1 }
	Port: HW_dwt53_inverse_core : high_read_25 | {1 }
	Port: HW_dwt53_inverse_core : high_read_26 | {1 }
	Port: HW_dwt53_inverse_core : high_read_27 | {1 }
	Port: HW_dwt53_inverse_core : high_read_28 | {1 }
	Port: HW_dwt53_inverse_core : high_read_29 | {1 }
  - Chain level:
	State 1
		add_ln210 : 1
		sext_ln210 : 2
		add_ln210_1 : 3
		trunc_ln : 4
		sext_ln210_1 : 5
		s : 6
		sext_ln189_8 : 7
		add_ln211 : 3
		trunc_ln1 : 4
		sext_ln211 : 5
		s_1 : 6
		sext_ln189_9 : 7
		add_ln212 : 1
		sext_ln212 : 2
		add_ln212_1 : 3
		trunc_ln2 : 4
		sext_ln212_1 : 5
		s_2 : 6
		sext_ln189_10 : 7
		add_ln213 : 1
		sext_ln213 : 2
		add_ln213_1 : 3
		trunc_ln3 : 4
		sext_ln213_1 : 5
		s_3 : 6
		sext_ln189_11 : 7
		add_ln214 : 1
		sext_ln214 : 2
		add_ln214_1 : 3
		trunc_ln4 : 4
		sext_ln214_1 : 5
		s_4 : 6
		sext_ln189_12 : 7
		add_ln215 : 1
		sext_ln215 : 2
		add_ln215_1 : 3
		trunc_ln5 : 4
		sext_ln215_1 : 5
		s_5 : 6
		sext_ln189_13 : 7
		add_ln216 : 1
		sext_ln216 : 2
		add_ln216_1 : 3
		trunc_ln6 : 4
		sext_ln216_1 : 5
		s_6 : 6
		sext_ln189_14 : 7
		add_ln217 : 1
		sext_ln217 : 2
		add_ln217_1 : 3
		trunc_ln7 : 4
		sext_ln217_1 : 5
		s_7 : 6
		sext_ln189_15 : 7
		tmp : 7
		icmp_ln9 : 8
		icmp_ln10 : 7
		trunc_ln11 : 7
		select_ln9 : 9
		or_ln9 : 9
		select_ln9_1 : 9
		tmp_1 : 7
		icmp_ln9_1 : 8
		icmp_ln10_1 : 7
		trunc_ln11_1 : 7
		select_ln9_2 : 9
		or_ln9_1 : 9
		select_ln9_3 : 9
		tmp_2 : 7
		icmp_ln9_2 : 8
		icmp_ln10_2 : 7
		trunc_ln11_2 : 7
		select_ln9_4 : 9
		or_ln9_2 : 9
		select_ln9_5 : 9
		tmp_3 : 7
		icmp_ln9_3 : 8
		icmp_ln10_3 : 7
		trunc_ln11_3 : 7
		select_ln9_6 : 9
		or_ln9_3 : 9
		select_ln9_7 : 9
		tmp_4 : 7
		icmp_ln9_4 : 8
		icmp_ln10_4 : 7
		trunc_ln11_4 : 7
		select_ln9_8 : 9
		or_ln9_4 : 9
		select_ln9_9 : 9
		tmp_5 : 7
		icmp_ln9_5 : 8
		icmp_ln10_5 : 7
		trunc_ln11_5 : 7
		select_ln9_10 : 9
		or_ln9_5 : 9
		select_ln9_11 : 9
		tmp_6 : 7
		icmp_ln9_6 : 8
		icmp_ln10_6 : 7
		trunc_ln11_6 : 7
		select_ln9_12 : 9
		or_ln9_6 : 9
		select_ln9_13 : 9
		tmp_7 : 7
		icmp_ln9_7 : 8
		icmp_ln10_7 : 7
		trunc_ln11_7 : 7
		select_ln9_14 : 9
		or_ln9_7 : 9
		select_ln9_15 : 9
		add_ln228 : 8
		tmp_8 : 9
		sext_ln228 : 10
		add_ln228_1 : 11
		tmp_9 : 12
		icmp_ln9_8 : 13
		icmp_ln10_8 : 12
		trunc_ln11_8 : 12
		select_ln9_16 : 14
		or_ln9_8 : 14
		select_ln9_17 : 14
		add_ln229 : 8
		tmp_10 : 9
		sext_ln229 : 10
		add_ln229_1 : 11
		tmp_11 : 12
		icmp_ln9_9 : 13
		icmp_ln10_9 : 12
		trunc_ln11_9 : 12
		select_ln9_18 : 14
		or_ln9_9 : 14
		select_ln9_19 : 14
		add_ln230 : 8
		tmp_12 : 9
		sext_ln230 : 10
		add_ln230_1 : 11
		tmp_13 : 12
		icmp_ln9_10 : 13
		icmp_ln10_10 : 12
		trunc_ln11_10 : 12
		select_ln9_20 : 14
		or_ln9_10 : 14
		select_ln9_21 : 14
		add_ln231 : 8
		tmp_14 : 9
		sext_ln231 : 10
		add_ln231_1 : 11
		tmp_15 : 12
		icmp_ln9_11 : 13
		icmp_ln10_11 : 12
		trunc_ln11_11 : 12
		select_ln9_22 : 14
		or_ln9_11 : 14
		select_ln9_23 : 14
		add_ln232 : 8
		tmp_16 : 9
		sext_ln232 : 10
		add_ln232_1 : 11
		tmp_17 : 12
		icmp_ln9_12 : 13
		icmp_ln10_12 : 12
		trunc_ln11_12 : 12
		select_ln9_24 : 14
		or_ln9_12 : 14
		select_ln9_25 : 14
		add_ln233 : 8
		tmp_18 : 9
		sext_ln233 : 10
		add_ln233_1 : 11
		tmp_19 : 12
		icmp_ln9_13 : 13
		icmp_ln10_13 : 12
		trunc_ln11_13 : 12
		select_ln9_26 : 14
		or_ln9_13 : 14
		select_ln9_27 : 14
		add_ln234 : 8
		tmp_20 : 9
		sext_ln234 : 10
		add_ln234_1 : 11
		tmp_21 : 12
		icmp_ln9_14 : 13
		icmp_ln10_14 : 12
		trunc_ln11_14 : 12
		select_ln9_28 : 14
		or_ln9_14 : 14
		select_ln9_29 : 14
		add_ln235 : 8
		tmp_22 : 9
		sext_ln235 : 10
		add_ln235_1 : 11
		tmp_23 : 12
		icmp_ln9_15 : 13
		icmp_ln10_15 : 12
		trunc_ln11_15 : 12
		select_ln9_30 : 14
		or_ln9_15 : 14
		select_ln9_31 : 14
		mrv : 10
		mrv_1 : 15
		mrv_2 : 16
		mrv_3 : 17
		mrv_4 : 18
		mrv_5 : 19
		mrv_6 : 20
		mrv_7 : 21
		mrv_8 : 22
		mrv_9 : 23
		mrv_s : 24
		mrv_10 : 25
		mrv_11 : 26
		mrv_12 : 27
		mrv_13 : 28
		mrv_14 : 29
		ret_ln236 : 30


============================================================
+ Verbose Summary: Datapath Resource usage 
============================================================

* Functional unit list:
|----------|--------------------------|---------|---------|
| Operation|      Functional Unit     |    FF   |   LUT   |
|----------|--------------------------|---------|---------|
|          |      icmp_ln9_fu_606     |    0    |    17   |
|          |     icmp_ln10_fu_612     |    0    |    24   |
|          |     icmp_ln9_1_fu_654    |    0    |    17   |
|          |    icmp_ln10_1_fu_660    |    0    |    24   |
|          |     icmp_ln9_2_fu_702    |    0    |    17   |
|          |    icmp_ln10_2_fu_708    |    0    |    24   |
|          |     icmp_ln9_3_fu_750    |    0    |    17   |
|          |    icmp_ln10_3_fu_756    |    0    |    24   |
|          |     icmp_ln9_4_fu_798    |    0    |    17   |
|          |    icmp_ln10_4_fu_804    |    0    |    24   |
|          |     icmp_ln9_5_fu_846    |    0    |    17   |
|          |    icmp_ln10_5_fu_852    |    0    |    24   |
|          |     icmp_ln9_6_fu_894    |    0    |    17   |
|          |    icmp_ln10_6_fu_900    |    0    |    24   |
|          |     icmp_ln9_7_fu_942    |    0    |    17   |
|   icmp   |    icmp_ln10_7_fu_948    |    0    |    24   |
|          |    icmp_ln9_8_fu_1016    |    0    |    32   |
|          |    icmp_ln10_8_fu_1022   |    0    |    25   |
|          |    icmp_ln9_9_fu_1090    |    0    |    32   |
|          |    icmp_ln10_9_fu_1096   |    0    |    25   |
|          |    icmp_ln9_10_fu_1164   |    0    |    32   |
|          |   icmp_ln10_10_fu_1170   |    0    |    25   |
|          |    icmp_ln9_11_fu_1238   |    0    |    32   |
|          |   icmp_ln10_11_fu_1244   |    0    |    25   |
|          |    icmp_ln9_12_fu_1312   |    0    |    32   |
|          |   icmp_ln10_12_fu_1318   |    0    |    25   |
|          |    icmp_ln9_13_fu_1386   |    0    |    32   |
|          |   icmp_ln10_13_fu_1392   |    0    |    25   |
|          |    icmp_ln9_14_fu_1460   |    0    |    32   |
|          |   icmp_ln10_14_fu_1466   |    0    |    25   |
|          |    icmp_ln9_15_fu_1534   |    0    |    32   |
|          |   icmp_ln10_15_fu_1540   |    0    |    25   |
|----------|--------------------------|---------|---------|
|          |     add_ln210_fu_286     |    0    |    23   |
|          |    add_ln210_1_fu_296    |    0    |    24   |
|          |     add_ln211_fu_326     |    0    |    24   |
|          |     add_ln212_fu_356     |    0    |    23   |
|          |    add_ln212_1_fu_366    |    0    |    24   |
|          |     add_ln213_fu_396     |    0    |    23   |
|          |    add_ln213_1_fu_406    |    0    |    24   |
|          |     add_ln214_fu_436     |    0    |    23   |
|          |    add_ln214_1_fu_446    |    0    |    24   |
|          |     add_ln215_fu_476     |    0    |    23   |
|          |    add_ln215_1_fu_486    |    0    |    24   |
|          |     add_ln216_fu_516     |    0    |    23   |
|          |    add_ln216_1_fu_526    |    0    |    24   |
|          |     add_ln217_fu_556     |    0    |    23   |
|          |    add_ln217_1_fu_566    |    0    |    24   |
|    add   |     add_ln228_fu_980     |    0    |    24   |
|          |    add_ln228_1_fu_1000   |    0    |    24   |
|          |     add_ln229_fu_1054    |    0    |    24   |
|          |    add_ln229_1_fu_1074   |    0    |    24   |
|          |     add_ln230_fu_1128    |    0    |    24   |
|          |    add_ln230_1_fu_1148   |    0    |    24   |
|          |     add_ln231_fu_1202    |    0    |    24   |
|          |    add_ln231_1_fu_1222   |    0    |    24   |
|          |     add_ln232_fu_1276    |    0    |    24   |
|          |    add_ln232_1_fu_1296   |    0    |    24   |
|          |     add_ln233_fu_1350    |    0    |    24   |
|          |    add_ln233_1_fu_1370   |    0    |    24   |
|          |     add_ln234_fu_1424    |    0    |    24   |
|          |    add_ln234_1_fu_1444   |    0    |    24   |
|          |     add_ln235_fu_1498    |    0    |    24   |
|          |    add_ln235_1_fu_1518   |    0    |    24   |
|----------|--------------------------|---------|---------|
|          |     select_ln9_fu_622    |    0    |    8    |
|          |    select_ln9_1_fu_636   |    0    |    8    |
|          |    select_ln9_2_fu_670   |    0    |    8    |
|          |    select_ln9_3_fu_684   |    0    |    8    |
|          |    select_ln9_4_fu_718   |    0    |    8    |
|          |    select_ln9_5_fu_732   |    0    |    8    |
|          |    select_ln9_6_fu_766   |    0    |    8    |
|          |    select_ln9_7_fu_780   |    0    |    8    |
|          |    select_ln9_8_fu_814   |    0    |    8    |
|          |    select_ln9_9_fu_828   |    0    |    8    |
|          |   select_ln9_10_fu_862   |    0    |    8    |
|          |   select_ln9_11_fu_876   |    0    |    8    |
|          |   select_ln9_12_fu_910   |    0    |    8    |
|          |   select_ln9_13_fu_924   |    0    |    8    |
|          |   select_ln9_14_fu_958   |    0    |    8    |
|  select  |   select_ln9_15_fu_972   |    0    |    8    |
|          |   select_ln9_16_fu_1032  |    0    |    8    |
|          |   select_ln9_17_fu_1046  |    0    |    8    |
|          |   select_ln9_18_fu_1106  |    0    |    8    |
|          |   select_ln9_19_fu_1120  |    0    |    8    |
|          |   select_ln9_20_fu_1180  |    0    |    8    |
|          |   select_ln9_21_fu_1194  |    0    |    8    |
|          |   select_ln9_22_fu_1254  |    0    |    8    |
|          |   select_ln9_23_fu_1268  |    0    |    8    |
|          |   select_ln9_24_fu_1328  |    0    |    8    |
|          |   select_ln9_25_fu_1342  |    0    |    8    |
|          |   select_ln9_26_fu_1402  |    0    |    8    |
|          |   select_ln9_27_fu_1416  |    0    |    8    |
|          |   select_ln9_28_fu_1476  |    0    |    8    |
|          |   select_ln9_29_fu_1490  |    0    |    8    |
|          |   select_ln9_30_fu_1550  |    0    |    8    |
|          |   select_ln9_31_fu_1564  |    0    |    8    |
|----------|--------------------------|---------|---------|
|          |         s_fu_316         |    0    |    23   |
|          |        s_1_fu_346        |    0    |    23   |
|          |        s_2_fu_386        |    0    |    23   |
|    sub   |        s_3_fu_426        |    0    |    23   |
|          |        s_4_fu_466        |    0    |    23   |
|          |        s_5_fu_506        |    0    |    23   |
|          |        s_6_fu_546        |    0    |    23   |
|          |        s_7_fu_586        |    0    |    23   |
|----------|--------------------------|---------|---------|
|          |       or_ln9_fu_630      |    0    |    2    |
|          |      or_ln9_1_fu_678     |    0    |    2    |
|          |      or_ln9_2_fu_726     |    0    |    2    |
|          |      or_ln9_3_fu_774     |    0    |    2    |
|          |      or_ln9_4_fu_822     |    0    |    2    |
|          |      or_ln9_5_fu_870     |    0    |    2    |
|          |      or_ln9_6_fu_918     |    0    |    2    |
|    or    |      or_ln9_7_fu_966     |    0    |    2    |
|          |     or_ln9_8_fu_1040     |    0    |    2    |
|          |     or_ln9_9_fu_1114     |    0    |    2    |
|          |     or_ln9_10_fu_1188    |    0    |    2    |
|          |     or_ln9_11_fu_1262    |    0    |    2    |
|          |     or_ln9_12_fu_1336    |    0    |    2    |
|          |     or_ln9_13_fu_1410    |    0    |    2    |
|          |     or_ln9_14_fu_1484    |    0    |    2    |
|          |     or_ln9_15_fu_1558    |    0    |    2    |
|----------|--------------------------|---------|---------|
|          |  high_read_1_read_fu_70  |    0    |    0    |
|          |  high_read_2_read_fu_76  |    0    |    0    |
|          |  high_read_3_read_fu_82  |    0    |    0    |
|          |  high_read_4_read_fu_88  |    0    |    0    |
|          |  high_read_5_read_fu_94  |    0    |    0    |
|          |  high_read_6_read_fu_100 |    0    |    0    |
|          |  high_read_7_read_fu_106 |    0    |    0    |
|   read   | high_read_15_read_fu_112 |    0    |    0    |
|          |  low_read_1_read_fu_118  |    0    |    0    |
|          |  low_read_2_read_fu_124  |    0    |    0    |
|          |  low_read_3_read_fu_130  |    0    |    0    |
|          |  low_read_4_read_fu_136  |    0    |    0    |
|          |  low_read_5_read_fu_142  |    0    |    0    |
|          |  low_read_6_read_fu_148  |    0    |    0    |
|          |  low_read_7_read_fu_154  |    0    |    0    |
|          |  low_read_15_read_fu_160 |    0    |    0    |
|----------|--------------------------|---------|---------|
|          |     sext_ln189_fu_166    |    0    |    0    |
|          |    sext_ln189_1_fu_170   |    0    |    0    |
|          |    sext_ln189_2_fu_174   |    0    |    0    |
|          |    sext_ln189_3_fu_178   |    0    |    0    |
|          |    sext_ln189_4_fu_182   |    0    |    0    |
|          |    sext_ln189_5_fu_186   |    0    |    0    |
|          |    sext_ln189_6_fu_190   |    0    |    0    |
|          |    sext_ln189_7_fu_194   |    0    |    0    |
|          |     sext_ln201_fu_198    |    0    |    0    |
|          |     sext_ln190_fu_202    |    0    |    0    |
|          |     sext_ln202_fu_206    |    0    |    0    |
|          |    sext_ln190_1_fu_210   |    0    |    0    |
|          |     sext_ln203_fu_214    |    0    |    0    |
|          |    sext_ln190_2_fu_218   |    0    |    0    |
|          |    sext_ln190_3_fu_222   |    0    |    0    |
|          |     sext_ln204_fu_226    |    0    |    0    |
|          |    sext_ln190_4_fu_230   |    0    |    0    |
|          |    sext_ln190_5_fu_234   |    0    |    0    |
|          |     sext_ln205_fu_238    |    0    |    0    |
|          |    sext_ln190_6_fu_242   |    0    |    0    |
|          |    sext_ln190_7_fu_246   |    0    |    0    |
|          |     sext_ln206_fu_250    |    0    |    0    |
|          |    sext_ln190_8_fu_254   |    0    |    0    |
|          |    sext_ln190_9_fu_258   |    0    |    0    |
|          |     sext_ln207_fu_262    |    0    |    0    |
|          |   sext_ln190_10_fu_266   |    0    |    0    |
|          |   sext_ln190_11_fu_270   |    0    |    0    |
|          |     sext_ln208_fu_274    |    0    |    0    |
|          |   sext_ln190_12_fu_278   |    0    |    0    |
|          |   sext_ln190_13_fu_282   |    0    |    0    |
|   sext   |     sext_ln210_fu_292    |    0    |    0    |
|          |    sext_ln210_1_fu_312   |    0    |    0    |
|          |    sext_ln189_8_fu_322   |    0    |    0    |
|          |     sext_ln211_fu_342    |    0    |    0    |
|          |    sext_ln189_9_fu_352   |    0    |    0    |
|          |     sext_ln212_fu_362    |    0    |    0    |
|          |    sext_ln212_1_fu_382   |    0    |    0    |
|          |   sext_ln189_10_fu_392   |    0    |    0    |
|          |     sext_ln213_fu_402    |    0    |    0    |
|          |    sext_ln213_1_fu_422   |    0    |    0    |
|          |   sext_ln189_11_fu_432   |    0    |    0    |
|          |     sext_ln214_fu_442    |    0    |    0    |
|          |    sext_ln214_1_fu_462   |    0    |    0    |
|          |   sext_ln189_12_fu_472   |    0    |    0    |
|          |     sext_ln215_fu_482    |    0    |    0    |
|          |    sext_ln215_1_fu_502   |    0    |    0    |
|          |   sext_ln189_13_fu_512   |    0    |    0    |
|          |     sext_ln216_fu_522    |    0    |    0    |
|          |    sext_ln216_1_fu_542   |    0    |    0    |
|          |   sext_ln189_14_fu_552   |    0    |    0    |
|          |     sext_ln217_fu_562    |    0    |    0    |
|          |    sext_ln217_1_fu_582   |    0    |    0    |
|          |   sext_ln189_15_fu_592   |    0    |    0    |
|          |     sext_ln228_fu_996    |    0    |    0    |
|          |    sext_ln229_fu_1070    |    0    |    0    |
|          |    sext_ln230_fu_1144    |    0    |    0    |
|          |    sext_ln231_fu_1218    |    0    |    0    |
|          |    sext_ln232_fu_1292    |    0    |    0    |
|          |    sext_ln233_fu_1366    |    0    |    0    |
|          |    sext_ln234_fu_1440    |    0    |    0    |
|          |    sext_ln235_fu_1514    |    0    |    0    |
|----------|--------------------------|---------|---------|
|          |      trunc_ln_fu_302     |    0    |    0    |
|          |     trunc_ln1_fu_332     |    0    |    0    |
|          |     trunc_ln2_fu_372     |    0    |    0    |
|          |     trunc_ln3_fu_412     |    0    |    0    |
|          |     trunc_ln4_fu_452     |    0    |    0    |
|          |     trunc_ln5_fu_492     |    0    |    0    |
|          |     trunc_ln6_fu_532     |    0    |    0    |
|          |     trunc_ln7_fu_572     |    0    |    0    |
|          |        tmp_fu_596        |    0    |    0    |
|          |       tmp_1_fu_644       |    0    |    0    |
|          |       tmp_2_fu_692       |    0    |    0    |
|          |       tmp_3_fu_740       |    0    |    0    |
|          |       tmp_4_fu_788       |    0    |    0    |
|          |       tmp_5_fu_836       |    0    |    0    |
|          |       tmp_6_fu_884       |    0    |    0    |
|partselect|       tmp_7_fu_932       |    0    |    0    |
|          |       tmp_8_fu_986       |    0    |    0    |
|          |       tmp_9_fu_1006      |    0    |    0    |
|          |      tmp_10_fu_1060      |    0    |    0    |
|          |      tmp_11_fu_1080      |    0    |    0    |
|          |      tmp_12_fu_1134      |    0    |    0    |
|          |      tmp_13_fu_1154      |    0    |    0    |
|          |      tmp_14_fu_1208      |    0    |    0    |
|          |      tmp_15_fu_1228      |    0    |    0    |
|          |      tmp_16_fu_1282      |    0    |    0    |
|          |      tmp_17_fu_1302      |    0    |    0    |
|          |      tmp_18_fu_1356      |    0    |    0    |
|          |      tmp_19_fu_1376      |    0    |    0    |
|          |      tmp_20_fu_1430      |    0    |    0    |
|          |      tmp_21_fu_1450      |    0    |    0    |
|          |      tmp_22_fu_1504      |    0    |    0    |
|          |      tmp_23_fu_1524      |    0    |    0    |
|----------|--------------------------|---------|---------|
|          |     trunc_ln11_fu_618    |    0    |    0    |
|          |    trunc_ln11_1_fu_666   |    0    |    0    |
|          |    trunc_ln11_2_fu_714   |    0    |    0    |
|          |    trunc_ln11_3_fu_762   |    0    |    0    |
|          |    trunc_ln11_4_fu_810   |    0    |    0    |
|          |    trunc_ln11_5_fu_858   |    0    |    0    |
|          |    trunc_ln11_6_fu_906   |    0    |    0    |
|   trunc  |    trunc_ln11_7_fu_954   |    0    |    0    |
|          |   trunc_ln11_8_fu_1028   |    0    |    0    |
|          |   trunc_ln11_9_fu_1102   |    0    |    0    |
|          |   trunc_ln11_10_fu_1176  |    0    |    0    |
|          |   trunc_ln11_11_fu_1250  |    0    |    0    |
|          |   trunc_ln11_12_fu_1324  |    0    |    0    |
|          |   trunc_ln11_13_fu_1398  |    0    |    0    |
|          |   trunc_ln11_14_fu_1472  |    0    |    0    |
|          |   trunc_ln11_15_fu_1546  |    0    |    0    |
|----------|--------------------------|---------|---------|
|          |        mrv_fu_1572       |    0    |    0    |
|          |       mrv_1_fu_1578      |    0    |    0    |
|          |       mrv_2_fu_1584      |    0    |    0    |
|          |       mrv_3_fu_1590      |    0    |    0    |
|          |       mrv_4_fu_1596      |    0    |    0    |
|          |       mrv_5_fu_1602      |    0    |    0    |
|          |       mrv_6_fu_1608      |    0    |    0    |
|insertvalue|       mrv_7_fu_1614      |    0    |    0    |
|          |       mrv_8_fu_1620      |    0    |    0    |
|          |       mrv_9_fu_1626      |    0    |    0    |
|          |       mrv_s_fu_1632      |    0    |    0    |
|          |      mrv_10_fu_1638      |    0    |    0    |
|          |      mrv_11_fu_1644      |    0    |    0    |
|          |      mrv_12_fu_1650      |    0    |    0    |
|          |      mrv_13_fu_1656      |    0    |    0    |
|          |      mrv_14_fu_1662      |    0    |    0    |
|----------|--------------------------|---------|---------|
|   Total  |                          |    0    |   1993  |
|----------|--------------------------|---------|---------|

Memories:
N/A

* Register list:
N/A

* Multiplexer (MUX) list: 
|--------|------|------|------|--------|
|  Comp  |  Pin | Size |  BW  | S x BW |
|--------|------|------|------|--------|
|  Total |      |      |      |    0   |
|--------|------|------|------|--------|



* Summary:
+-----------+--------+--------+
|           |   FF   |   LUT  |
+-----------+--------+--------+
|  Function |    0   |  1993  |
|   Memory  |    -   |    -   |
|Multiplexer|    -   |    -   |
|  Register |    -   |    -   |
+-----------+--------+--------+
|   Total   |    0   |  1993  |
+-----------+--------+--------+
